<svg width="346" height="159" viewBox="0 0 346 159" fill="none" xmlns="http://www.w3.org/2000/svg">
<g clip-path="url(#clip0_296_33571)">
<rect x="4" y="4.29395" width="342" height="154" rx="10" fill="#FEDEC8"/>
<g opacity="0.31">
<path d="M343.876 8.38232H4V152.842H173.938H343.876V8.38232Z" fill="#EFECE3"/>
<path d="M345.724 61.6707H5.3457V183.506H175.535H345.724V61.6707Z" fill="#409123"/>
<path d="M4.46582 61.533C4.46582 61.533 4.46593 94.9223 8.77934 129.675C20.5805 145.51 52.4067 154.76 85.9929 157.755C153.46 163.773 293.135 167.4 345.724 129.675C345.724 103.781 347.973 85.7894 345.724 61.533H4.46582Z" fill="#B7E875"/>
<path d="M26.2523 19.2491C24.4373 17.595 24.4458 14.8308 25.0988 13.2202C25.6077 11.9578 26.371 11.1307 27.516 11.1198C27.974 11.1198 28.1182 10.9675 28.1606 10.4016C28.2115 9.77037 28.3726 9.16094 28.6355 8.59505C28.8645 8.10533 29.1359 7.67002 29.5006 7.33266C30.1707 6.69059 30.9764 7.02795 31.6549 6.8103C32.3079 6.59264 32.7744 5.51526 33.6649 6.07028C33.9448 6.2444 34.1484 6.02675 34.2502 5.65674H35.1322C35.5732 6.13557 36.0227 6.62529 36.2093 7.36531C36.2857 7.67002 36.4298 7.85503 36.6673 7.98562C37.6427 8.55152 38.1261 9.58537 38.177 10.913C38.194 11.4245 38.2957 11.7292 38.6774 11.936C39.2711 12.2625 39.763 12.8937 39.8224 13.6772C39.8987 14.7873 40.3228 15.6035 40.7892 16.4414C40.6366 16.757 40.4076 16.7788 40.1786 16.6591C39.5425 16.3435 38.9233 16.485 38.3042 16.7353C37.4476 15.2335 37.4985 13.0569 36.1245 11.936C36.0652 11.8925 36.0312 11.7401 36.0312 11.6313C36.0991 9.8139 34.6233 9.3786 34.089 8.09445C33.9618 7.78973 33.6141 7.88768 33.3511 7.94209C32.6642 8.09445 31.9602 8.36651 31.3156 8.46446C29.9247 8.68211 29.2971 9.60713 29.0002 11.1307C28.9069 11.5987 28.7543 11.7401 28.4065 11.7401C27.4058 11.7401 26.9817 12.6325 26.7357 13.6772C26.4304 15.0267 26.7697 16.6155 27.5245 17.1053C28.0927 17.4753 28.3472 17.9976 28.432 18.7377C27.6687 18.6288 26.9562 18.8574 26.2523 19.2274V19.2491Z" fill="#4D6A00"/>
<path d="M26.2524 19.2492C26.9479 18.8792 27.6688 18.6506 28.4321 18.7595C28.8986 18.988 29.3735 19.2165 29.84 19.4451C30.1114 20.0545 30.5949 20.9904 30.8832 20.9033C31.6296 20.6639 31.9773 21.3386 32.5031 21.5781C32.5795 21.6107 32.7406 22.0134 32.8594 21.5019C33.0375 20.7183 33.3089 19.9783 33.5463 19.2165C34.4199 18.0412 35.3444 16.8877 36.7353 17.2794C37.3969 17.4644 37.8548 17.323 38.2959 16.7571C38.915 16.5068 39.5341 16.3653 40.1702 16.6809C40.3992 16.7897 40.6367 16.7788 40.7809 16.4632C42.4178 16.3544 42.8927 16.7571 43.5119 18.7921C43.6221 19.1621 43.7409 19.4233 44.0292 19.6192C45.3523 20.5225 45.929 22.0025 45.8866 23.8743C45.8781 24.4402 45.9799 24.7123 46.3785 24.9952C47.4896 25.7896 48.0663 27.0411 47.9985 28.7062C47.9815 29.1959 48.1002 29.5442 48.3377 29.9033C50.229 32.7981 49.6438 36.5526 47.0316 38.3264C46.7602 38.5114 46.4973 38.642 46.5142 39.11C46.3446 38.8488 46.1835 38.5985 45.8612 38.6964C44.4109 39.1644 43.2489 38.4026 42.1973 37.2382C41.9598 36.977 41.7138 36.7158 41.417 36.9226C40.3483 37.6517 39.2712 37.2926 38.1856 37.0858C37.2979 36.353 36.6448 36.4329 36.2264 37.3252C36.0229 37.4014 35.989 37.5755 36.0568 37.8149L36.0822 37.8476C35.7684 37.7061 35.531 37.9129 35.302 38.1414C35.2341 38.2394 35.1663 38.3373 35.0984 38.4353H35.1154C33.8602 38.9359 32.6049 39.11 31.3836 38.272C30.9596 37.9782 30.9002 38.4788 30.756 38.7617C30.2047 39.85 29.4923 40.6118 28.4491 40.7533L27.7282 40.9165C27.3804 40.8186 27.1006 40.8186 26.7868 41.2103C24.4459 44.116 21.24 43.2998 19.9763 39.4691C19.7727 38.8488 19.442 39.1535 19.179 39.1535C16.6516 39.1209 14.9723 36.0302 15.9477 33.1354C15.9901 32.9939 16.0494 32.8634 16.1088 32.7328C16.5159 31.7642 17.4743 31.416 17.8644 30.6433C18.2546 29.8597 18.1189 28.6191 18.8483 27.9226C19.1366 27.6506 19.0942 27.2806 19.0858 26.9106C19.0688 25.0932 19.5946 23.6131 20.7735 22.5793C21.0704 22.3181 21.1806 22.0134 21.2146 21.5672C21.2654 20.9251 21.452 20.3266 21.7149 19.7716C22.6224 17.8671 24.183 17.6059 25.3704 19.2383C25.7181 19.7063 25.9301 19.8151 26.2355 19.2709L26.2524 19.2492ZM30.4931 34.6263C32.3081 36.0302 34.5726 35.5949 35.6751 33.4075C35.9466 32.8633 36.201 33.0375 36.5487 33.3095C37.8972 34.376 39.2712 34.659 40.6282 33.2987C40.8403 33.0919 40.9505 32.9613 41.1456 33.3966C41.6799 34.6046 42.545 35.2466 43.6052 35.4534C45.0979 35.7472 46.6415 34.3652 47.0825 32.4498C47.4133 30.9915 46.4633 29.0436 45.1742 28.4994C44.7416 28.3144 44.6059 28.0532 44.6823 27.52C44.8943 26.127 44.3261 25.1367 43.4949 24.5381C42.9097 24.1137 42.7994 23.7219 42.8588 22.9493C42.9436 21.8175 42.3075 20.381 41.646 20.1742C40.7809 19.913 40.0091 20.1198 39.5426 21.2298C39.3645 21.6651 39.1864 21.6216 38.8387 21.4366C37.2951 20.6095 35.531 21.9045 35.514 23.9505C35.514 25.0496 34.7252 25.1693 34.4623 25.8658C33.9704 27.1391 33.4615 26.3447 32.9442 25.9529C32.6728 25.7461 32.3759 25.7352 32.0876 25.7788C31.4684 25.8767 31.0783 25.5938 30.7221 24.8973C29.6025 22.7207 27.5586 22.3725 26.0234 24.0484C25.6672 24.4402 25.3958 24.6143 24.87 24.4837C23.3349 24.0811 22.0372 26.0944 22.614 27.9444C22.8514 28.6953 22.7751 28.8694 22.1305 28.9674C20.6209 29.1959 19.8236 31.0351 20.4512 32.7328C20.6124 33.1681 20.5785 33.3095 20.324 33.636C19.6116 34.5393 19.6201 36.1717 20.2816 37.1076C21.2909 38.555 23.2755 38.8923 24.7173 37.8476C24.9802 37.6517 25.1668 37.4994 25.5061 37.7061C27.796 39.0447 29.9164 37.7605 30.5016 34.6263H30.4931Z" fill="#688700"/>
<path d="M27.745 40.9055C27.9825 40.8511 28.2284 40.7967 28.4659 40.7423C28.5592 43.0276 29.102 45.03 30.6371 46.3904C31.0103 46.7277 31.3071 46.4665 31.5616 46.1183C32.1129 45.3674 32.4775 44.4424 32.6557 43.4629C32.944 41.9285 33.6649 40.7967 34.4537 39.6758C34.7166 39.3058 35.1661 39.0555 35.1237 38.4134L35.1067 38.4243C35.1661 38.4352 35.2424 38.4896 35.2849 38.4569C35.3866 38.3807 35.4036 38.2502 35.3103 38.1304C35.5393 37.9019 35.7768 37.6951 36.0906 37.8366C35.6496 39.7302 34.7929 41.3626 33.9957 43.0167C33.0882 44.8994 32.9355 46.7821 33.6734 48.7845C33.7921 49.1219 33.843 49.6007 34.1568 49.6551C34.5385 49.7096 34.6827 49.2198 34.7929 48.8498C35.2849 47.2066 36.2432 46.2707 37.5154 45.7809C37.7699 45.683 38.0243 45.585 38.2533 45.4218C38.8385 44.9974 39.2795 44.4424 39.1269 43.4629L39.7969 43.3976C39.5934 45.2803 38.618 46.3795 37.4052 47.1739C36.1669 47.9901 35.217 49.0566 34.9795 50.9175C34.9032 51.5487 34.7845 52.2017 34.9626 52.822C36.0567 56.5439 35.8022 60.2875 34.7505 63.8679C33.9872 66.4797 34.8099 68.1883 36.0651 69.9077C36.2941 70.2233 36.6503 70.4083 36.7776 71.0504C35.2255 70.8545 33.7243 71.0722 32.2231 71.0939C31.7227 71.0939 31.2308 71.1592 30.7304 71.1592C30.3657 71.1592 30.1961 70.9198 30.4929 70.5498C31.2478 69.5812 31.2647 68.3515 31.3835 67.1109C31.5785 65.0758 32.274 63.2258 32.7659 61.2996C33.3596 58.9707 33.5971 56.6091 33.1645 54.1823C32.8338 52.2996 32.2061 50.5475 31.0442 49.3396C28.9324 47.1413 28.0249 44.2574 27.728 40.9273L27.745 40.9055Z" fill="#8B5B34"/>
<path d="M39.8137 43.376C39.5932 43.3978 39.3642 43.4196 39.1437 43.4413C37.6934 43.7569 36.4382 42.5272 36.7181 40.8186C36.9386 39.4692 37.3118 38.0544 38.2108 37.0641C39.2964 37.26 40.382 37.63 41.4421 36.9009C41.739 36.705 41.9849 36.9553 42.2224 37.2165C43.2741 38.3809 44.436 39.1427 45.8863 38.6747C46.2086 38.5659 46.3698 38.8271 46.5394 39.0883C46.5903 39.4256 46.5988 39.7521 46.4461 40.046C46.4207 40.1004 46.4037 40.1548 46.4037 40.2092C46.3613 40.6989 46.1238 41.0471 45.8439 41.2975C45.4962 41.613 45.2842 41.9613 45.123 42.4837C44.8007 43.4849 43.6812 43.7896 42.9518 43.0278C42.5532 42.6142 42.3157 42.6251 41.9171 42.9407C41.4761 43.289 40.9587 43.2346 40.4753 42.9843C40.1275 42.7884 39.924 42.9081 39.8222 43.376H39.8137Z" fill="#5E7E00"/>
<path d="M38.2957 16.7353C37.8547 17.3012 37.3967 17.4426 36.7352 17.2576C35.3442 16.8659 34.4198 18.0303 33.5462 19.1947C32.3418 19.2709 31.0951 18.2153 29.9332 19.4233C29.9162 19.445 29.8738 19.4233 29.8484 19.4233C29.3819 19.1947 28.9069 18.9662 28.4405 18.7377C28.3556 17.9868 28.1012 17.4753 27.533 17.1053C26.7781 16.6156 26.4304 15.0267 26.7442 13.6773C26.9817 12.6325 27.4057 11.7401 28.415 11.7401C28.7627 11.7401 28.9154 11.5987 29.0087 11.1307C29.314 9.59626 29.9416 8.68213 31.3241 8.46447C31.9687 8.36653 32.6726 8.08358 33.3596 7.94211C33.6225 7.88769 33.9703 7.78975 34.0975 8.09446C34.6233 9.37861 36.1075 9.81392 36.0397 11.6313C36.0397 11.7293 36.0736 11.8816 36.133 11.936C37.5069 13.0569 37.4561 15.2335 38.3127 16.7353H38.2957Z" fill="#5E7E00"/>
<path d="M30.4929 34.6267C29.9077 37.75 27.7873 39.0451 25.4974 37.7065C25.1581 37.5106 24.9716 37.6521 24.7086 37.848C23.2668 38.8927 21.2822 38.5553 20.2729 37.108C19.6114 36.1612 19.6029 34.5397 20.3153 33.6364C20.5698 33.3099 20.6037 33.1684 20.4425 32.7331C19.8065 31.0246 20.6122 29.1963 22.1218 28.9678C22.7664 28.8698 22.8428 28.6957 22.6053 27.9448C22.0285 26.0947 23.3262 24.0815 24.8613 24.4841C25.3787 24.6256 25.6501 24.4406 26.0148 24.0488C27.5499 22.3729 29.5939 22.732 30.7134 24.8976C31.0696 25.5941 31.4597 25.8771 32.0789 25.7791C32.3672 25.7356 32.6641 25.7465 32.9355 25.9533C33.4528 26.345 33.9617 27.1395 34.4536 25.8662C34.7166 25.1806 35.4968 25.05 35.5053 23.9509C35.5223 21.9049 37.2864 20.6099 38.83 21.437C39.1777 21.622 39.3473 21.6655 39.5339 21.2302C40.0004 20.1202 40.7722 19.9134 41.6373 20.1746C42.2988 20.3814 42.9434 21.8179 42.8501 22.9497C42.7907 23.7223 42.8925 24.1141 43.4862 24.5385C44.3174 25.1371 44.8771 26.1383 44.6736 27.5204C44.5973 28.0536 44.733 28.3148 45.1655 28.4998C46.4547 29.0439 47.4046 30.9919 47.0738 32.4502C46.6412 34.3547 45.0892 35.7476 43.5965 35.4538C42.5363 35.247 41.6712 34.605 41.1369 33.397C40.9418 32.9617 40.8316 33.0814 40.6195 33.299C39.2625 34.6594 37.897 34.3764 36.54 33.3099C36.1923 33.0379 35.9379 32.8637 35.6665 33.4079C34.5724 35.5953 32.2994 36.0197 30.4844 34.6267H30.4929Z" fill="#7A9B00"/>
<path d="M29.84 19.4343C29.84 19.4343 29.9079 19.4452 29.9248 19.4343C31.0868 18.2154 32.3335 19.2711 33.5379 19.2058C33.3004 19.9675 33.029 20.7076 32.8509 21.4911C32.7406 22.0026 32.5795 21.5999 32.4947 21.5673C31.9688 21.3388 31.6211 20.6531 30.8747 20.8926C30.5864 20.9905 30.1029 20.0437 29.8315 19.4343H29.84Z" fill="#4D6A00"/>
<path d="M36.2434 37.3142C36.184 37.4774 36.1331 37.6407 36.0737 37.8039C36.0059 37.5645 36.0398 37.4013 36.2434 37.3142Z" fill="#8B5B34"/>
<path d="M257.809 21.9747C255.994 20.3206 256.002 17.5564 256.655 15.9458C257.164 14.6834 257.928 13.8563 259.073 13.8454C259.531 13.8454 259.675 13.693 259.717 13.1272C259.768 12.496 259.929 11.8865 260.192 11.3206C260.421 10.8309 260.693 10.3956 261.057 10.0582C261.727 9.41617 262.533 9.75354 263.212 9.53588C263.865 9.31823 264.331 8.24085 265.222 8.79586C265.501 8.96999 265.705 8.75233 265.807 8.38232H266.689C267.13 8.86116 267.579 9.35088 267.766 10.0909C267.842 10.3956 267.986 10.5806 268.224 10.7112C269.199 11.2771 269.683 12.311 269.734 13.6386C269.751 14.1501 269.852 14.4548 270.234 14.6616C270.828 14.9881 271.32 15.6193 271.379 16.4028C271.455 17.5128 271.879 18.329 272.346 19.167C272.193 19.4826 271.964 19.5044 271.735 19.3847C271.099 19.0691 270.48 19.2105 269.861 19.4608C269.004 17.959 269.055 15.7825 267.681 14.6616C267.622 14.6181 267.588 14.4657 267.588 14.3569C267.656 12.5395 266.18 12.1042 265.646 10.82C265.518 10.5153 265.171 10.6133 264.908 10.6677C264.221 10.82 263.517 11.0921 262.872 11.19C261.481 11.4077 260.854 12.3327 260.557 13.8563C260.464 14.3242 260.311 14.4657 259.963 14.4657C258.962 14.4657 258.538 15.3581 258.292 16.4028C257.987 17.7523 258.326 19.3411 259.081 19.8308C259.649 20.2009 259.904 20.7232 259.989 21.4632C259.225 21.3544 258.513 21.583 257.809 21.953V21.9747Z" fill="#4D6A00"/>
<path d="M257.809 21.9748C258.505 21.6048 259.225 21.3762 259.989 21.4851C260.455 21.7136 260.93 21.9421 261.397 22.1707C261.668 22.7801 262.151 23.716 262.44 23.6289C263.186 23.3895 263.534 24.0642 264.06 24.3037C264.136 24.3363 264.297 24.739 264.416 24.2275C264.594 23.4439 264.866 22.7039 265.103 21.9421C265.977 20.7668 266.901 19.6132 268.292 20.005C268.953 20.19 269.411 20.0485 269.853 19.4826C270.472 19.2323 271.091 19.0909 271.727 19.4065C271.956 19.5153 272.193 19.5044 272.338 19.1888C273.974 19.08 274.449 19.4826 275.069 21.5177C275.179 21.8877 275.297 22.1489 275.586 22.3448C276.909 23.248 277.486 24.7281 277.443 26.5999C277.435 27.1658 277.537 27.4378 277.935 27.7208C279.046 28.5152 279.623 29.7667 279.555 31.4318C279.538 31.9215 279.657 32.2697 279.894 32.6289C281.786 35.5236 281.2 39.2781 278.588 41.052C278.317 41.237 278.054 41.3676 278.071 41.8356C277.901 41.5744 277.74 41.3241 277.418 41.422C275.968 41.89 274.806 41.1282 273.754 39.9638C273.516 39.7026 273.27 39.4414 272.974 39.6482C271.905 40.3773 270.828 40.0182 269.742 39.8114C268.855 39.0786 268.201 39.1584 267.783 40.0508C267.58 40.127 267.546 40.3011 267.613 40.5405L267.639 40.5732C267.325 40.4317 267.088 40.6385 266.859 40.867C266.791 40.965 266.723 41.0629 266.655 41.1608H266.672C265.417 41.6614 264.162 41.8356 262.94 40.9976C262.516 40.7038 262.457 41.2044 262.313 41.4873C261.761 42.5756 261.049 43.3374 260.006 43.4788L259.285 43.6421C258.937 43.5441 258.657 43.5441 258.343 43.9359C256.003 46.8416 252.797 46.0254 251.533 42.1947C251.329 41.5744 250.999 41.8791 250.736 41.8791C248.208 41.8465 246.529 38.7558 247.504 35.861C247.547 35.7195 247.606 35.5889 247.665 35.4583C248.073 34.4898 249.031 34.1415 249.421 33.3689C249.811 32.5853 249.676 31.3447 250.405 30.6482C250.693 30.3762 250.651 30.0062 250.642 29.6361C250.625 27.8187 251.151 26.3387 252.33 25.3049C252.627 25.0437 252.737 24.739 252.771 24.2928C252.822 23.6507 253.009 23.0522 253.272 22.4971C254.179 20.5927 255.74 20.3315 256.927 21.9639C257.275 22.4318 257.487 22.5407 257.792 21.9965L257.809 21.9748ZM262.05 37.3519C263.865 38.7558 266.129 38.3205 267.232 36.1331C267.503 35.5889 267.758 35.7631 268.105 36.0351C269.454 37.1016 270.828 37.3846 272.185 36.0242C272.397 35.8175 272.507 35.6869 272.702 36.1222C273.237 37.3302 274.102 37.9722 275.162 38.179C276.655 38.4728 278.198 37.0907 278.639 35.1754C278.97 33.7171 278.02 31.7691 276.731 31.225C276.298 31.04 276.163 30.7788 276.239 30.2456C276.451 28.8526 275.883 27.8623 275.052 27.2637C274.466 26.8393 274.356 26.4475 274.415 25.6749C274.5 24.5431 273.864 23.1066 273.203 22.8998C272.338 22.6386 271.566 22.8454 271.099 23.9554C270.921 24.3907 270.743 24.3472 270.395 24.1622C268.852 23.3351 267.088 24.6301 267.071 26.6761C267.071 27.7752 266.282 27.8949 266.019 28.5914C265.527 29.8647 265.018 29.0702 264.501 28.6785C264.229 28.4717 263.933 28.4608 263.644 28.5043C263.025 28.6023 262.635 28.3193 262.279 27.6229C261.159 25.4463 259.115 25.0981 257.58 26.774C257.224 27.1658 256.952 27.3399 256.427 27.2093C254.892 26.8067 253.594 28.8199 254.171 30.67C254.408 31.4209 254.332 31.595 253.687 31.693C252.178 31.9215 251.38 33.7607 252.008 35.4583C252.169 35.8937 252.135 36.0351 251.881 36.3616C251.168 37.2649 251.177 38.8973 251.838 39.8332C252.848 41.2806 254.832 41.6179 256.274 40.5732C256.537 40.3773 256.723 40.2249 257.063 40.4317C259.353 41.7703 261.473 40.4861 262.058 37.3519H262.05Z" fill="#688700"/>
<path d="M259.302 43.6311C259.539 43.5767 259.785 43.5223 260.023 43.4679C260.116 45.7532 260.659 47.7556 262.194 49.1159C262.567 49.4533 262.864 49.1921 263.118 48.8439C263.669 48.093 264.034 47.168 264.212 46.1885C264.501 44.6541 265.222 43.5223 266.01 42.4014C266.273 42.0314 266.723 41.7811 266.68 41.139L266.663 41.1499C266.723 41.1607 266.799 41.2152 266.841 41.1825C266.943 41.1063 266.96 40.9757 266.867 40.856C267.096 40.6275 267.333 40.4207 267.647 40.5622C267.206 42.4558 266.35 44.0882 265.552 45.7423C264.645 47.625 264.492 49.5077 265.23 51.5101C265.349 51.8475 265.4 52.3263 265.713 52.3807C266.095 52.4351 266.239 51.9454 266.35 51.5754C266.841 49.9321 267.8 48.9962 269.072 48.5065C269.327 48.4086 269.581 48.3106 269.81 48.1474C270.395 47.723 270.836 47.168 270.684 46.1885L271.354 46.1232C271.15 48.0059 270.175 49.1051 268.962 49.8995C267.724 50.7157 266.774 51.7822 266.536 53.6431C266.46 54.2743 266.341 54.9273 266.519 55.5476C267.613 59.2694 267.359 63.0131 266.307 66.5934C265.544 69.2053 266.367 70.9139 267.622 72.6333C267.851 72.9489 268.207 73.1339 268.334 73.776C266.782 73.5801 265.281 73.7977 263.78 73.8195C263.279 73.8195 262.787 73.8848 262.287 73.8848C261.922 73.8848 261.753 73.6454 262.05 73.2754C262.804 72.3068 262.821 71.0771 262.94 69.8365C263.135 67.8014 263.831 65.9514 264.323 64.0251C264.916 61.6963 265.154 59.3347 264.721 56.9079C264.39 55.0252 263.763 53.2731 262.601 52.0651C260.489 49.8668 259.582 46.9829 259.285 43.6529L259.302 43.6311Z" fill="#8B5B34"/>
<path d="M271.37 46.1016C271.15 46.1234 270.921 46.1451 270.7 46.1669C269.25 46.4825 267.995 45.2528 268.275 43.5442C268.495 42.1948 268.868 40.78 269.767 39.7897C270.853 39.9856 271.939 40.3556 272.999 39.6265C273.296 39.4306 273.542 39.6809 273.779 39.9421C274.831 41.1065 275.993 41.8683 277.443 41.4003C277.765 41.2915 277.926 41.5527 278.096 41.8139C278.147 42.1512 278.155 42.4777 278.003 42.7715C277.977 42.8259 277.96 42.8804 277.96 42.9348C277.918 43.4245 277.68 43.7727 277.401 44.023C277.053 44.3386 276.841 44.6869 276.68 45.2092C276.357 46.2104 275.238 46.5152 274.508 45.7534C274.11 45.3398 273.872 45.3507 273.474 45.6663C273.033 46.0146 272.515 45.9601 272.032 45.7098C271.684 45.514 271.481 45.6337 271.379 46.1016H271.37Z" fill="#5E7E00"/>
<path d="M269.852 19.4609C269.411 20.0268 268.953 20.1682 268.292 19.9832C266.901 19.5914 265.976 20.7559 265.103 21.9203C263.898 21.9965 262.652 20.9409 261.49 22.1489C261.473 22.1706 261.43 22.1489 261.405 22.1489C260.939 21.9203 260.464 21.6918 259.997 21.4633C259.912 20.7124 259.658 20.2009 259.09 19.8309C258.335 19.3411 257.987 17.7523 258.301 16.4028C258.538 15.3581 258.962 14.4657 259.972 14.4657C260.319 14.4657 260.472 14.3243 260.565 13.8563C260.871 12.3219 261.498 11.4077 262.881 11.1901C263.525 11.0921 264.229 10.8092 264.916 10.6677C265.179 10.6133 265.527 10.5153 265.654 10.82C266.18 12.1042 267.664 12.5395 267.596 14.3569C267.596 14.4548 267.63 14.6072 267.69 14.6616C269.064 15.7825 269.013 17.9591 269.869 19.4609H269.852Z" fill="#5E7E00"/>
<path d="M262.05 37.3523C261.464 40.4756 259.344 41.7707 257.054 40.4321C256.715 40.2362 256.528 40.3777 256.265 40.5736C254.823 41.6183 252.839 41.2809 251.83 39.8335C251.168 38.8868 251.16 37.2652 251.872 36.362C252.126 36.0355 252.16 35.894 251.999 35.4587C251.363 33.7502 252.169 31.9219 253.678 31.6933C254.323 31.5954 254.399 31.4213 254.162 30.6704C253.585 28.8203 254.883 26.807 256.418 27.2097C256.935 27.3512 257.207 27.1662 257.571 26.7744C259.107 25.0985 261.15 25.4576 262.27 27.6232C262.626 28.3197 263.016 28.6027 263.636 28.5047C263.924 28.4612 264.221 28.4721 264.492 28.6789C265.009 29.0706 265.518 29.8651 266.01 28.5918C266.273 27.9062 267.053 27.7756 267.062 26.6764C267.079 24.6305 268.843 23.3355 270.387 24.1626C270.734 24.3476 270.904 24.3911 271.091 23.9558C271.557 22.8458 272.329 22.639 273.194 22.9002C273.855 23.1069 274.5 24.5435 274.407 25.6752C274.347 26.4479 274.449 26.8397 275.043 27.2641C275.874 27.8627 276.434 28.8639 276.23 30.2459C276.154 30.7792 276.29 31.0404 276.722 31.2254C278.011 31.7695 278.961 33.7175 278.63 35.1758C278.198 37.0802 276.646 38.4732 275.153 38.1794C274.093 37.9726 273.228 37.3305 272.694 36.1226C272.498 35.6873 272.388 35.807 272.176 36.0246C270.819 37.385 269.454 37.102 268.097 36.0355C267.749 35.7634 267.495 35.5893 267.223 36.1334C266.129 38.3209 263.856 38.7453 262.041 37.3523H262.05Z" fill="#7A9B00"/>
<path d="M261.397 22.1599C261.397 22.1599 261.465 22.1708 261.481 22.1599C262.643 20.941 263.89 21.9966 265.095 21.9313C264.857 22.6931 264.586 23.4331 264.408 24.2167C264.297 24.7282 264.136 24.3255 264.051 24.2929C263.525 24.0643 263.178 23.3787 262.431 23.6182C262.143 23.7161 261.66 22.7693 261.388 22.1599H261.397Z" fill="#4D6A00"/>
<path d="M267.8 40.0398C267.741 40.203 267.69 40.3663 267.63 40.5295C267.563 40.2901 267.596 40.1269 267.8 40.0398Z" fill="#8B5B34"/>
<path d="M15.2015 32.0251C13.8275 30.7627 13.836 28.6732 14.3279 27.4544C14.7096 26.4967 15.2948 25.8764 16.1599 25.8655C16.5076 25.8655 16.6179 25.7458 16.6518 25.3214C16.6857 24.8426 16.813 24.3746 17.008 23.9502C17.1776 23.5802 17.3897 23.2537 17.6611 22.9925C18.17 22.5137 18.7806 22.764 19.298 22.5898C19.7899 22.4266 20.1461 21.6104 20.8246 22.0348C21.0366 22.1654 21.1978 22.0022 21.2656 21.7192H21.9356C22.2749 22.0784 22.6057 22.4484 22.7583 23.0143C22.8177 23.2428 22.928 23.3843 23.1061 23.4822C23.8439 23.9066 24.2086 24.6902 24.251 25.7023C24.268 26.0832 24.3358 26.3226 24.6327 26.4858C25.0822 26.7361 25.4554 27.215 25.4978 27.8026C25.5572 28.6406 25.8794 29.2609 26.2272 29.8921C26.1084 30.1315 25.9388 30.1424 25.7607 30.0553C25.2773 29.8159 24.8108 29.9247 24.3359 30.1097C23.6913 28.9671 23.7252 27.3238 22.682 26.4749C22.6396 26.4423 22.6057 26.3226 22.6142 26.2464C22.665 24.8643 21.5455 24.5378 21.1469 23.5693C21.0536 23.3408 20.7822 23.406 20.5871 23.4496C20.0698 23.5693 19.527 23.7761 19.0435 23.8522C17.9918 24.0155 17.5169 24.712 17.2879 25.8764C17.2201 26.2246 17.1013 26.3444 16.8384 26.3444C16.0751 26.3444 15.7528 27.0191 15.5747 27.8135C15.3372 28.8365 15.6001 30.0444 16.1769 30.4145C16.6094 30.6974 16.8045 31.0892 16.8638 31.6551C16.2871 31.568 15.7443 31.7421 15.2185 32.0251H15.2015Z" fill="#4D6A00"/>
<path d="M15.2013 32.0249C15.7272 31.742 16.27 31.5678 16.8467 31.6549C17.2029 31.829 17.5591 32.0031 17.9153 32.1664C18.1189 32.6234 18.4836 33.3417 18.7041 33.2655C19.2723 33.0805 19.5353 33.6029 19.9339 33.777C19.9932 33.7988 20.112 34.1035 20.2053 33.7226C20.341 33.124 20.5445 32.569 20.7226 31.9923C21.3842 31.0999 22.0881 30.2293 23.1398 30.5231C23.6402 30.6646 23.9879 30.5557 24.3272 30.1204C24.7937 29.9354 25.2686 29.8266 25.752 30.066C25.9217 30.1531 26.0998 30.1422 26.2185 29.9028C27.4568 29.8266 27.8215 30.1204 28.2879 31.6658C28.3728 31.9487 28.4661 32.1446 28.6866 32.297C29.6958 32.9826 30.1284 34.1035 30.0945 35.5291C30.086 35.9535 30.1708 36.1712 30.4676 36.378C31.3073 36.9765 31.7483 37.9342 31.6974 39.1857C31.6805 39.5557 31.7738 39.8169 31.9519 40.0998C33.3852 42.2981 32.9442 45.1385 30.9596 46.4879C30.756 46.6294 30.5524 46.7273 30.5694 47.0865C30.4422 46.8906 30.315 46.6947 30.0775 46.7709C28.9749 47.13 28.1014 46.5532 27.2956 45.6717C27.1175 45.4758 26.9309 45.2799 26.7019 45.4323C25.8962 45.9873 25.0735 45.7152 24.2509 45.552C23.578 44.9934 23.0833 45.055 22.7666 45.737C22.614 45.8023 22.5885 45.9329 22.6394 46.107L22.6564 46.1397C22.4189 46.0308 22.2408 46.1941 22.0627 46.3573C22.0118 46.4335 21.9609 46.5097 21.91 46.5859H21.9185C20.9686 46.9667 20.0187 47.0973 19.0942 46.4553C18.7719 46.2376 18.7295 46.6076 18.6193 46.8253C18.2037 47.6524 17.6609 48.2291 16.8721 48.338L16.3293 48.4577C16.0664 48.3815 15.8544 48.3815 15.6169 48.6753C13.8443 50.8736 11.4102 50.2533 10.4518 47.3585C10.2991 46.8906 10.0447 47.1191 9.84962 47.1191C7.93285 47.0973 6.66066 44.7467 7.39853 42.5593C7.43246 42.4505 7.47486 42.3525 7.51727 42.2546C7.83108 41.5146 8.55199 41.2534 8.84883 40.6657C9.14568 40.078 9.0439 39.1313 9.59519 38.6089C9.8157 38.4021 9.78177 38.1192 9.77329 37.8362C9.75633 36.4541 10.155 35.3332 11.054 34.5497C11.283 34.3538 11.3678 34.1144 11.3932 33.777C11.4356 33.2982 11.5713 32.8411 11.7664 32.4167C12.4534 30.9693 13.6323 30.7734 14.5398 32.014C14.8027 32.3731 14.9638 32.4493 15.1928 32.0358L15.2013 32.0249ZM18.4157 43.6802C19.7897 44.7358 21.5114 44.4202 22.3426 42.7552C22.5461 42.3416 22.7412 42.4722 23.0041 42.679C24.0303 43.4843 25.0651 43.702 26.0913 42.6681C26.2524 42.5049 26.3372 42.4069 26.4814 42.7443C26.8885 43.6693 27.5416 44.1481 28.3473 44.3005C29.4753 44.5182 30.6542 43.4734 30.985 42.026C31.2394 40.9269 30.51 39.436 29.5432 39.0333C29.2124 38.8918 29.1106 38.696 29.17 38.2933C29.3311 37.2377 28.8986 36.4868 28.271 36.0297C27.8215 35.7032 27.7451 35.4094 27.7875 34.8217C27.8554 33.962 27.372 32.8737 26.8631 32.7214C26.21 32.5146 25.6248 32.6779 25.2686 33.5158C25.1329 33.8423 24.9972 33.8097 24.7343 33.6682C23.5639 33.0479 22.2238 34.0273 22.2153 35.5726C22.2153 36.3997 21.6217 36.4977 21.4181 37.02C21.0449 37.9886 20.6548 37.3792 20.2646 37.0853C20.0611 36.933 19.8321 36.9221 19.6201 36.9547C19.1536 37.0309 18.8568 36.8133 18.5854 36.2909C17.7372 34.6476 16.1851 34.3755 15.0232 35.6488C14.7518 35.9426 14.5483 36.0841 14.1496 35.9753C12.9877 35.6706 11.9954 37.1941 12.4364 38.598C12.6145 39.1639 12.5636 39.3054 12.0717 39.3816C10.9267 39.5557 10.3246 40.9487 10.7995 42.2437C10.9267 42.5811 10.9013 42.679 10.7062 42.9293C10.1634 43.6149 10.1719 44.8446 10.6723 45.5629C11.4356 46.662 12.9453 46.9123 14.0394 46.1179C14.2429 45.9655 14.3786 45.8567 14.6416 46.0091C16.3802 47.0212 17.9832 46.0526 18.4327 43.6802H18.4157Z" fill="#688700"/>
<path d="M16.3379 48.4471C16.516 48.4036 16.7026 48.3709 16.8807 48.3274C16.9485 50.0578 17.3641 51.5704 18.5261 52.6043C18.8144 52.8546 19.0349 52.6696 19.2215 52.3975C19.6456 51.8207 19.917 51.1243 20.0527 50.3842C20.2732 49.2198 20.816 48.3601 21.4182 47.5112C21.6133 47.2283 21.9525 47.0433 21.9271 46.5535H21.9186C21.961 46.5535 22.0204 46.5971 22.0543 46.5753C22.1306 46.51 22.1476 46.423 22.0712 46.325C22.2493 46.1509 22.4275 45.9985 22.6649 46.1074C22.3342 47.5439 21.6811 48.7736 21.0789 50.0251C20.3919 51.4507 20.2817 52.8872 20.833 54.3999C20.9263 54.6502 20.9602 55.0202 21.1977 55.0529C21.486 55.0964 21.5963 54.7264 21.6811 54.4435C22.0543 53.2028 22.7752 52.4846 23.7505 52.1146C23.9371 52.0384 24.1407 51.9622 24.3103 51.8425C24.7513 51.516 25.0906 51.1025 24.9718 50.3516L25.4807 50.2972C25.3281 51.7228 24.5817 52.5608 23.6657 53.1593C22.7243 53.7796 22.0034 54.5849 21.8253 55.9997C21.7659 56.4785 21.6726 56.9791 21.8168 57.4362C22.648 60.2548 22.4529 63.0951 21.6557 65.8049C21.0789 67.7856 21.6981 69.0806 22.6564 70.3865C22.8346 70.6259 23.0975 70.7674 23.1993 71.2571C22.0204 71.1048 20.8839 71.268 19.7474 71.2898C19.3742 71.2898 18.9925 71.3333 18.6194 71.3442C18.3395 71.3442 18.2123 71.1592 18.4328 70.8871C19.0095 70.158 19.018 69.2221 19.1113 68.2753C19.2639 66.7299 19.7813 65.3261 20.1545 63.8678C20.604 62.1048 20.7821 60.3092 20.4598 58.47C20.2054 57.0444 19.7304 55.7167 18.8484 54.8026C17.2454 53.1375 16.5584 50.9501 16.3379 48.4254V48.4471Z" fill="#8B5B34"/>
<path d="M25.4805 50.3192C25.3109 50.3409 25.1413 50.3518 24.9716 50.3736C23.8775 50.613 22.9192 49.688 23.1312 48.3821C23.3008 47.3591 23.5807 46.2817 24.2592 45.5308C25.0819 45.6832 25.9046 45.9552 26.7103 45.4111C26.9308 45.2587 27.1174 45.4546 27.304 45.6505C28.1012 46.532 28.9833 47.1088 30.0858 46.7497C30.3318 46.6735 30.4505 46.8585 30.5778 47.0653C30.6202 47.3156 30.6202 47.5659 30.5099 47.7944C30.4929 47.827 30.476 47.8706 30.476 47.925C30.4505 48.295 30.264 48.5671 30.0519 48.7521C29.789 48.9915 29.6279 49.2527 29.5006 49.6553C29.2547 50.4171 28.4066 50.6456 27.8553 50.0689C27.5584 49.7642 27.3718 49.7642 27.075 50.0036C26.7357 50.2648 26.3456 50.2321 25.9809 50.0362C25.718 49.8947 25.5568 49.9818 25.489 50.33L25.4805 50.3192Z" fill="#5E7E00"/>
<path d="M24.3357 30.1208C24.0049 30.5452 23.6572 30.6649 23.1483 30.5234C22.0882 30.2296 21.3927 31.1111 20.7312 31.9926C19.8152 32.047 18.8738 31.2526 17.9917 32.1667C17.9747 32.1776 17.9493 32.1667 17.9239 32.1667C17.5676 31.9926 17.2114 31.8185 16.8552 31.6552C16.7958 31.0893 16.6008 30.6976 16.1682 30.4146C15.5915 30.0446 15.3371 28.8366 15.5661 27.8137C15.7442 27.0192 16.0665 26.3445 16.8298 26.3445C17.0927 26.3445 17.2029 26.2357 17.2793 25.8766C17.5083 24.7121 17.9832 24.0156 19.0349 23.8524C19.5183 23.7762 20.0611 23.5694 20.5785 23.4497C20.7736 23.4062 21.045 23.33 21.1383 23.5694C21.5369 24.5489 22.6649 24.8645 22.6055 26.2466C22.6055 26.3227 22.631 26.4425 22.6734 26.4751C23.7166 27.3239 23.6742 28.9781 24.3272 30.1099L24.3357 30.1208Z" fill="#5E7E00"/>
<path d="M18.4154 43.6806C17.9744 46.053 16.363 47.0325 14.6243 46.0095C14.3699 45.8572 14.2257 45.9769 14.0221 46.1183C12.928 46.9128 11.4269 46.6516 10.6551 45.5633C10.1547 44.8451 10.1462 43.6153 10.689 42.9297C10.8841 42.6794 10.9095 42.5815 10.7823 42.2441C10.2988 40.9491 10.9095 39.5561 12.0545 39.382C12.5464 39.3058 12.5973 39.1752 12.4192 38.5984C11.9866 37.1946 12.9704 35.671 14.1324 35.9757C14.5225 36.0846 14.7346 35.9431 15.006 35.6492C16.1679 34.376 17.72 34.648 18.5681 36.2913C18.8395 36.8137 19.1363 37.0313 19.6028 36.9552C19.8233 36.9225 20.0438 36.9334 20.2474 37.0858C20.6375 37.3796 21.0277 37.989 21.4008 37.0205C21.6044 36.4981 22.1896 36.4001 22.1981 35.5731C22.2066 34.0169 23.5466 33.0374 24.717 33.6686C24.98 33.8101 25.1157 33.8427 25.2514 33.5163C25.6076 32.6783 26.1928 32.5151 26.8458 32.7218C27.3462 32.8742 27.8381 33.9624 27.7703 34.8222C27.7279 35.4098 27.8042 35.7037 28.2537 36.0301C28.8813 36.4872 29.3139 37.2381 29.1527 38.2937C29.0934 38.6964 29.1952 38.8923 29.5259 39.0337C30.5013 39.4473 31.2222 40.9273 30.9677 42.0265C30.637 43.4739 29.4666 44.5186 28.3301 44.3009C27.5243 44.1486 26.8713 43.6589 26.4642 42.7447C26.32 42.4074 26.2267 42.5053 26.074 42.6685C25.0478 43.7024 24.0046 43.4847 22.9868 42.6794C22.7239 42.4727 22.5289 42.3421 22.3253 42.7556C21.4941 44.4206 19.7724 44.7362 18.3985 43.6806H18.4154Z" fill="#7A9B00"/>
<path d="M17.9238 32.1668C17.9238 32.1668 17.9747 32.1777 17.9917 32.1668C18.8737 31.2418 19.8236 32.0471 20.7311 31.9927C20.553 32.5695 20.341 33.1354 20.2138 33.723C20.129 34.1039 20.0102 33.7992 19.9424 33.7774C19.5438 33.6033 19.2808 33.0918 18.7126 33.266C18.4921 33.3312 18.1274 32.6239 17.9238 32.1668Z" fill="#4D6A00"/>
<path d="M22.7746 45.7266C22.7323 45.8463 22.6901 45.9769 22.6478 46.0966C22.597 45.9224 22.6224 45.7919 22.7746 45.7266Z" fill="#8B5B34"/>
<path d="M323.056 46.7757C321.682 46.0031 320.529 44.9801 320.393 42.8362C320.368 42.488 320.189 42.4227 319.994 42.3356C319.511 42.0962 319.061 41.7915 318.654 41.378C316.89 39.5823 316.873 36.8617 318.637 35.0769C319.044 34.6743 319.197 34.424 318.951 33.6839C317.764 30.1688 319.528 26.3055 322.488 25.8158C322.776 25.7723 322.971 25.7396 323.124 25.3043C324.269 22.0722 327.534 20.9948 329.85 23.0843C330.248 23.4434 330.613 23.6284 331.105 23.6175C333.276 23.5522 335.006 26.1096 334.328 28.6453C334.218 29.0479 334.362 29.2221 334.574 29.4615C337.661 32.8677 337.127 38.1241 333.463 40.4203C333.208 40.5835 333.03 40.6815 333.098 41.1277C333.471 43.4565 332.725 45.1542 331.241 46.4166C331.088 46.5037 330.927 46.6016 330.774 46.6887C329.867 47.1675 328.942 47.309 327.992 46.9499C327.729 46.6669 327.407 46.8628 327.119 46.7866C326.618 46.5907 326.203 47.1022 325.719 47.0478C325.584 47.0043 325.456 47.0152 325.372 47.1784C324.744 47.1349 324.116 47.1566 323.514 46.8955C323.361 46.8628 323.209 46.8302 323.056 46.7975V46.7757ZM333.395 33.8036C333.471 32.476 333.106 31.3224 332.292 30.43C331.953 30.06 331.834 29.6247 331.834 29.0479C331.851 26.9585 331.012 25.8811 329.349 25.794C329.061 25.7832 328.823 25.707 328.577 25.4676C327.102 24.0202 324.54 24.5316 323.794 26.6538C323.59 27.2305 323.192 27.3938 322.759 27.5353C320.775 28.1773 319.757 30.6912 320.529 33.1289C320.698 33.6622 320.656 33.8798 320.291 34.239C319.061 35.436 319.002 37.1446 320.122 38.5485C320.792 39.3973 321.886 39.7673 321.954 41.28C321.954 41.3562 322.055 41.4215 322.106 41.4977C323.141 43.0974 324.523 43.1845 325.974 42.9015C326.338 42.8362 326.678 42.7709 327.034 42.8906C328.959 43.5218 331.122 42.0636 330.927 39.0055C330.893 38.4723 331.062 38.2438 331.444 37.9717C332.691 37.0902 333.48 35.7843 333.403 33.7928L333.395 33.8036Z" fill="#4D6A00"/>
<path d="M323.056 46.776C323.209 46.8087 323.361 46.8413 323.514 46.874C323.226 47.1896 323.489 47.4943 323.557 47.7663C323.981 49.4967 324.447 51.2052 325.015 52.8594C325.075 53.0335 325.015 53.3709 325.372 53.2729V47.1569C325.456 46.9937 325.584 46.9828 325.719 47.0263C325.592 49.3878 325.702 51.7494 325.736 54.1109C325.762 55.7107 326.542 56.8424 327.17 58.0939C327.254 54.2959 327.416 50.5305 327.119 46.7651C327.407 46.8413 327.721 46.6345 327.992 46.9284C327.67 46.9175 327.712 47.1678 327.738 47.4507C327.797 48.071 327.84 48.6914 327.874 49.3117C327.933 50.5305 327.984 51.7494 328.052 53.1097C328.764 52.065 329.307 51.0747 329.739 50.0082C330.172 48.9417 330.698 47.9296 330.774 46.6781C330.927 46.591 331.088 46.4931 331.241 46.406C330.766 49.007 329.858 51.3576 328.577 53.4579C328.187 54.1 328.026 54.7095 328.052 55.5148C328.204 61.4784 328.153 67.4421 328.153 73.4058C328.153 73.9064 328.238 74.3526 327.594 74.3308C326.975 74.3091 326.898 74.0152 326.915 73.3296C327.034 69.0854 327.11 64.8303 327.229 60.5861C327.246 59.9984 327.119 59.5196 326.873 59.0299C325.007 55.2645 323.972 51.0638 323.065 46.7978L323.056 46.776Z" fill="#8B5B34"/>
<path d="M333.395 33.804C333.48 35.7955 332.682 37.1015 331.436 37.9829C331.054 38.2441 330.884 38.4835 330.918 39.0168C331.113 42.0748 328.951 43.5331 327.025 42.9019C326.669 42.7822 326.322 42.8475 325.965 42.9128C324.523 43.1848 323.141 43.1087 322.098 41.5089C322.047 41.4327 321.954 41.3674 321.945 41.2913C321.877 39.7786 320.783 39.3977 320.113 38.5597C318.994 37.1559 319.053 35.4473 320.283 34.2502C320.648 33.8911 320.69 33.6734 320.52 33.1402C319.749 30.7025 320.758 28.1886 322.751 27.5465C323.183 27.405 323.574 27.2527 323.786 26.665C324.54 24.532 327.102 24.0314 328.569 25.4788C328.815 25.7182 329.052 25.7944 329.341 25.8053C331.003 25.8815 331.843 26.9697 331.826 29.0592C331.826 29.636 331.945 30.0713 332.284 30.4413C333.098 31.3337 333.454 32.4872 333.386 33.8149L333.395 33.804Z" fill="#688700"/>
<path d="M75.2705 74.068C75.3214 72.4464 75.7285 70.8249 75.4825 69.2252C74.8549 65.068 75.3723 60.8782 75.1942 56.7102C75.1687 56.0463 75.2535 55.4369 75.6437 54.9472C75.6691 54.9145 75.7285 54.871 75.72 54.8384C75.5928 53.7936 76.2374 52.9883 76.2374 51.9871C76.2374 47.3076 76.2798 42.6172 76.2119 37.9376C76.195 36.8058 75.8812 35.674 75.8388 34.4987C75.8048 33.4758 75.9066 32.5072 76.2883 31.6366C76.4324 31.2992 76.5088 30.9945 76.5088 30.6463C76.5088 29.6233 76.5088 28.6003 76.5088 27.5774C76.5088 27.1638 76.5427 26.7612 76.9583 26.7612C77.3739 26.7612 77.4078 27.1747 77.4163 27.5774C77.4163 27.9583 77.4163 28.3392 77.4163 28.7309C77.6538 28.7745 77.6962 28.5242 77.7894 28.3936C80.1218 25.0744 83.0054 23.2461 86.4997 23.1155C87.297 23.0828 88.0264 22.7564 88.7473 22.3972C90.2739 21.6463 91.6479 21.9946 92.8522 23.3984C93.3781 24.0079 93.4205 24.4976 93.1151 25.3029C92.8946 25.5097 92.6317 25.4988 92.3773 25.4988C90.8591 25.4988 89.341 25.5314 87.8143 25.477C87.4581 25.5097 87.1273 25.4444 86.8814 25.0744C86.7372 24.6935 86.5591 24.4649 86.1605 24.5085C82.98 24.8567 80.3762 26.5979 78.3492 29.7539C78.1711 30.026 78.0269 30.3307 77.8743 30.6354C77.6538 31.0707 77.6198 31.4516 77.781 32.0175C78.2559 33.6825 78.2305 35.402 77.7894 37.0888C77.7131 37.3935 77.6962 37.6873 77.6962 37.992C77.6962 42.6498 77.6962 47.2967 77.6962 51.9545C77.6962 52.4006 77.8573 52.7815 77.9252 53.1951C78.1033 54.3051 78.5952 55.2737 78.7309 56.3728C78.8242 57.1455 78.7478 57.9508 78.7478 58.7452C78.7478 61.5312 78.7648 64.3171 78.7478 67.1031C78.7394 68.4961 78.3068 69.8237 78.4171 71.2494C78.4849 72.1962 78.7818 73.1212 78.6715 74.0897C78.8496 74.5577 78.6121 74.7318 78.3323 74.7536C77.4417 74.8189 76.5427 74.8189 75.6437 74.7536C75.3553 74.7318 75.1348 74.5468 75.2875 74.0897L75.2705 74.068Z" fill="#23211B"/>
<path d="M87.7464 25.2486C87.4581 25.1942 87.1697 25.1289 86.8813 25.0745C86.8813 25.3574 87.034 25.5424 87.1952 25.6948C88.1959 26.5871 89.2985 26.968 90.5113 26.6633C91.2407 26.6742 91.9192 26.4348 92.5638 26.0213C92.8013 25.8689 93.0897 25.7383 93.1066 25.303C91.3171 25.2812 89.5275 25.2704 87.738 25.2486H87.7464Z" fill="#FFE359"/>
</g>
<path d="M263.498 51.6671C261.929 50.8303 261.001 48.9082 261.032 46.5808C261.063 44.2796 262.102 42.2921 263.712 41.4815C265.719 40.4747 268.033 41.4684 269.153 43.8089C270.234 46.097 269.857 49.1436 268.267 50.961C267.982 51.2879 267.676 51.5756 267.299 51.6802C266.035 51.6802 264.772 51.6802 263.508 51.6802L263.498 51.6671Z" fill="#FFFCEB"/>
<path d="M271.935 71.7901C270.397 69.7635 270.57 66.4816 272.333 64.7949C272.852 64.298 273.423 64.0365 274.085 64.468C276.103 65.8017 276.541 69.8289 274.88 71.764C273.902 71.764 272.924 71.7771 271.935 71.7901Z" fill="#FFFCEB"/>
<path d="M268.665 92.0959C268.522 92.0436 268.389 91.9259 268.247 91.8475C267.809 91.3506 267.309 90.9191 267.095 90.1608C267.381 89.154 267.381 89.154 266.423 88.9317C266.341 76.8894 266.25 64.8602 266.168 52.8179C266.82 52.8832 267.472 52.9486 267.289 51.6672C266.025 51.6672 264.762 51.6672 263.498 51.6672C263.325 52.9094 263.947 52.8963 264.609 52.8309C264.507 64.8732 264.405 76.9155 264.313 88.9448C263.366 88.8663 263.447 89.6247 263.59 90.4223C263.274 91.1153 262.744 91.5337 262.316 92.0828C261.613 92.0828 261.633 92.6974 261.654 93.325C261.674 94.031 262.041 94.031 262.438 94.031C264.405 94.031 266.372 94.031 268.349 94.031C268.695 94.031 269.082 94.0572 269.144 93.4557C269.194 92.9066 269.276 92.3051 268.675 92.0828L268.665 92.0959Z" fill="#23211B" fill-opacity="0.62"/>
<path d="M275.115 92.2796C275.135 91.0767 274.014 90.0307 274.84 88.7101C274.921 88.5793 274.789 88.3047 274.605 88.2786C274.167 88.2132 274.269 87.7948 274.259 87.4548C274.198 82.5385 274.137 77.6092 274.075 72.6929C274.615 72.7713 275.125 72.7975 274.87 71.7515C273.892 71.7515 272.914 71.7645 271.925 71.7776C271.671 72.8629 272.241 72.7321 272.751 72.6929C272.751 74.1835 272.751 75.674 272.73 77.1646C272.71 78.6552 272.669 80.1458 272.639 81.6363C272.618 83.1269 272.476 84.6437 272.618 86.1081C272.761 87.5071 271.915 88.5793 272.119 90.0045C272.231 90.789 271.803 91.7043 271.62 92.5542C271.171 92.6849 271.232 93.1164 271.304 93.5087C271.375 93.8748 271.65 93.7963 271.854 93.8094C272.761 93.8094 273.678 93.8356 274.585 93.8094C274.901 93.8094 275.319 94.0578 275.512 93.5218C275.706 92.9726 275.349 92.6326 275.115 92.2796Z" fill="#23211B" fill-opacity="0.62"/>
<g opacity="0.6">
<path d="M147.116 4.65316C147.116 4.65316 145.563 1.65721 141.633 2.03253C137.703 2.40795 138.171 5.41107 136.299 5.12953C134.427 4.848 131.807 5.12953 131.246 7.00651C130.684 8.88349 128.158 7.85112 128.064 9.44656C127.971 11.042 130.965 12.1681 134.427 10.7605C137.89 9.35278 139.574 11.8541 144.44 11.4011C149.306 10.9481 149.909 10.385 152.789 10.6666C155.669 10.9481 155.601 8.97037 154.291 7.65638C152.981 6.34248 147.678 6.46758 147.116 4.65316Z" fill="white"/>
</g>
<g opacity="0.4">
<path d="M167.614 14.5048C167.614 14.5048 165.836 11.4157 162.583 11.9233C159.329 12.4308 162.511 13.8235 158.245 14.5048C153.979 15.186 153.04 16.6362 154.992 17.7963C156.944 18.9564 160.125 15.6936 163.595 17.2888C167.065 18.8839 171.706 17.5213 167.614 14.5048Z" fill="white"/>
</g>
<g opacity="0.4">
<path d="M231.892 6.27405C231.892 6.27405 230.114 3.18497 226.861 3.69258C223.607 4.20009 226.788 5.59276 222.523 6.27405C218.257 6.95533 217.317 8.40553 219.27 9.56561C221.222 10.7257 224.403 7.46294 227.873 9.0581C231.343 10.6533 235.984 9.2906 231.892 6.27405Z" fill="white"/>
</g>
<path d="M103.114 20.1692H220.827C221.419 20.1692 221.885 20.6722 221.843 21.2635L217.349 84.0132C217.311 84.5448 216.872 84.9576 216.341 84.9612L108.519 85.6934C107.988 85.6971 107.543 85.2901 107.498 84.759L102.099 21.2772C102.048 20.6811 102.517 20.1692 103.114 20.1692Z" fill="#764678"/>
<path d="M107.816 22.968H216.161C217.404 22.968 218.385 24.0275 218.293 25.2708L214.237 80.2411C214.155 81.3557 213.233 82.22 212.119 82.2274L112.704 82.8827C111.59 82.89 110.657 82.0386 110.56 80.9259L105.686 25.3003C105.576 24.0466 106.561 22.968 107.816 22.968Z" fill="#ACC9C5"/>
<path d="M215.628 28.5911L209.904 76.8044C209.827 77.7815 207.763 78.5593 206.711 78.5652L127.167 79.0519L112.329 29.3832C112.224 28.2845 120.867 26.5713 120.867 26.5713H213.615C214.789 26.5714 215.715 27.5006 215.628 28.5911Z" fill="#DAEBE8"/>
<g opacity="0.6">
<path d="M201.789 6.55933C201.625 8.80547 199.804 10.6147 197.563 10.7611C195.948 10.8667 194.498 10.1244 193.614 8.93496C193.431 8.68885 193.665 8.35529 193.961 8.43546C194.436 8.5643 194.941 8.61762 195.464 8.58183C197.752 8.4253 199.587 6.53443 199.685 4.23702C199.701 3.86421 199.672 3.5012 199.604 3.15245C199.533 2.79046 199.967 2.53903 200.244 2.78151C201.278 3.6856 201.9 5.05198 201.789 6.55933Z" fill="white"/>
</g>
<path d="M210.724 89.5381C210.724 89.5381 217.899 91.5923 220.131 92.0114C224.676 92.8648 228.594 94.5147 233.195 95.446C236.24 96.0625 245.87 98.7784 245.87 98.7784C245.87 98.7784 236.889 98.7756 234.603 99.2475C231.312 99.9269 225.824 99.1834 221.126 99.8086C218.85 100.112 213.638 100.275 210.887 100.235C205.681 100.159 199.533 100.708 199.533 100.708C199.533 100.708 197.094 98.8486 196.484 98.2427C193.583 95.3633 190.678 93.9917 189.576 92.6582C188.19 90.9801 185.806 89.6103 185.806 89.6103C185.806 89.6103 194.705 89.1933 199.813 89.5698C202.816 89.7909 210.724 89.5381 210.724 89.5381Z" fill="#92C7ED"/>
<path d="M239.715 98.9902C239.662 98.9708 234.339 97.037 230.202 96.4085C228.196 96.1037 226.497 95.482 224.698 94.8238C222.702 94.0933 220.637 93.3378 217.914 92.916C212.751 92.1163 207.233 89.762 207.178 89.7384L207.277 89.5076C207.331 89.5312 212.821 91.873 217.953 92.668C220.7 93.0935 222.776 93.8533 224.784 94.588C226.571 95.2418 228.259 95.8593 230.24 96.1603C234.401 96.7927 239.748 98.7348 239.801 98.7544L239.715 98.9902Z" fill="#DAEBE8"/>
<path d="M233.25 99.5461C233.22 99.5289 230.174 97.8245 224.928 96.9825C222.017 96.5153 220.262 95.8191 218.405 95.082C216.79 94.4414 215.12 93.7789 212.494 93.1423C206.777 91.7564 203.006 89.7903 202.968 89.7706L203.085 89.5483C203.122 89.5679 206.868 91.5202 212.553 92.8984C215.196 93.539 216.874 94.2048 218.497 94.8487C220.342 95.5806 222.084 96.2719 224.968 96.7347C230.262 97.5845 233.343 99.3105 233.374 99.3278L233.25 99.5461Z" fill="#DAEBE8"/>
<path d="M222.531 99.7669C222.487 99.7424 218.067 97.2987 212.276 95.8299C208.57 94.8902 207.016 94.1102 205.512 93.356C204.632 92.9147 203.801 92.4979 202.575 92.0715C199.288 90.928 196.445 89.558 196.417 89.5443L196.526 89.3181C196.554 89.3317 199.385 90.6957 202.658 91.8342C203.899 92.266 204.737 92.6864 205.624 93.1315C207.116 93.8798 208.659 94.6535 212.337 95.5865C218.162 97.0637 222.609 99.5228 222.653 99.5474L222.531 99.7669Z" fill="#DAEBE8"/>
<path d="M213.157 100.334C213.137 100.321 211.054 98.9636 206.772 97.136C204.364 96.1081 202.627 95.0623 201.094 94.1396C199.888 93.4132 198.846 92.7859 197.787 92.3703C195.414 91.4384 192.689 89.5431 192.662 89.524L192.806 89.3181C192.833 89.3369 195.534 91.2156 197.879 92.1364C198.957 92.5598 200.007 93.1921 201.224 93.9242C202.749 94.8428 204.478 95.8839 206.87 96.9049C211.176 98.7425 213.274 100.111 213.295 100.124L213.157 100.334Z" fill="#DAEBE8"/>
<path d="M205.963 100.409C205.92 100.377 201.576 97.219 198.353 95.6118C196.616 94.746 194.93 93.4745 193.299 92.2451C191.88 91.1752 190.539 90.1649 189.37 89.5959L189.48 89.3701C190.671 89.9495 192.021 90.967 193.45 92.0444C195.072 93.2671 196.749 94.5314 198.464 95.3869C201.707 97.0037 206.067 100.174 206.111 100.206L205.963 100.409Z" fill="#DAEBE8"/>
<path d="M196.535 98.3578L196.432 98.1289C196.51 98.0934 198.389 97.2667 202.05 97.7484C204.005 98.0056 205.683 97.7977 207.46 97.5777C208.948 97.3935 210.486 97.2031 212.188 97.3154C213.716 97.4165 214.852 97.1417 216.053 96.8508C217.662 96.4615 219.324 96.059 221.985 96.6295C225.171 97.3129 227.334 96.8602 228.914 96.5296C229.606 96.3849 230.204 96.2598 230.757 96.248C231.499 96.2324 232.217 96.1247 232.912 96.0206C233.933 95.8674 234.898 95.7227 235.864 95.87L235.826 96.1183C234.898 95.9765 233.951 96.1185 232.949 96.2688C232.247 96.3741 231.521 96.483 230.763 96.4991C230.232 96.5103 229.645 96.6331 228.965 96.7753C227.364 97.1105 225.17 97.5696 221.932 96.875C219.328 96.3164 217.693 96.7121 216.112 97.0948C214.945 97.3773 213.739 97.6691 212.171 97.5659C210.493 97.455 208.967 97.644 207.491 97.8268C205.776 98.0391 204.003 98.2585 202.017 97.9972C199.151 97.6202 197.178 98.0683 196.535 98.3578Z" fill="#DAEBE8"/>
<path d="M193.331 95.6725L193.296 95.4238C193.348 95.4167 198.518 94.7134 201.232 95.001C202.556 95.1414 204.578 94.9091 206.718 94.6633C208.915 94.411 211.186 94.1498 212.739 94.3089C214.18 94.4565 215.153 94.1529 216.095 93.8593C217.099 93.5463 218.048 93.2506 219.422 93.557C221.981 94.1278 226.807 93.6478 226.856 93.6429L226.881 93.8927C226.832 93.8976 221.966 94.3816 219.367 93.8021C218.059 93.5104 217.141 93.7963 216.169 94.0992C215.203 94.4002 214.204 94.7118 212.713 94.5588C211.188 94.4026 208.93 94.6621 206.747 94.9129C204.592 95.1604 202.557 95.3942 201.206 95.251C198.521 94.966 193.382 95.6653 193.331 95.6725Z" fill="#DAEBE8"/>
<path d="M189.088 92.1927L189.002 91.9565C189.026 91.9478 191.437 91.0987 195.131 91.6756C197.048 91.975 198.883 91.7763 200.659 91.5841C202.297 91.4066 203.845 91.239 205.33 91.4763C207.011 91.745 209.013 91.5135 210.779 91.3091C212.238 91.1404 213.498 90.9945 214.338 91.1489C216.115 91.475 217.19 91.0959 217.201 91.0921L217.287 91.3279C217.241 91.3447 216.143 91.7357 214.292 91.3958C213.49 91.2487 212.247 91.3923 210.808 91.5588C209.026 91.7649 207.006 91.9985 205.29 91.7243C203.839 91.4924 202.307 91.6583 200.685 91.834C198.894 92.0281 197.042 92.2286 195.092 91.9238C191.461 91.3565 189.111 92.1842 189.088 92.1927Z" fill="#DAEBE8"/>
<path d="M140.831 99.8149C140.831 99.8149 137.572 106.719 135.366 108.221C130.876 111.28 131.957 116.6 127.778 119.894C125.011 122.075 120.415 131.22 120.415 131.22C120.415 131.22 138.405 130.117 145.545 131.223C155.824 132.816 162.8 129.964 175.606 131.226C181.81 131.838 193.144 131.682 198.445 131.229C208.473 130.373 223.769 131.232 223.769 131.232C223.769 131.232 218.589 125.478 216.531 123.625C206.75 114.821 205.145 110.441 200.131 106.393C193.822 101.299 191.181 96.988 191.181 96.988C191.181 96.988 171.079 96.8494 162.877 98.5771C158.056 99.5926 140.831 99.8149 140.831 99.8149Z" fill="#366F90"/>
<path d="M133.296 130.761L133.059 130.739C133.061 130.719 133.252 128.745 134.051 126.506C134.791 124.432 136.218 121.697 138.818 120.448C141.101 119.351 141.011 117.687 140.916 115.926C140.81 113.968 140.69 111.749 143.949 110.137C146.427 108.911 147.895 106.781 148.31 103.805C148.621 101.576 148.191 99.683 148.187 99.6642L148.419 99.6101C148.423 99.6293 148.863 101.559 148.547 103.831C148.254 105.936 147.238 108.776 144.055 110.35C140.936 111.893 141.046 113.937 141.154 115.914C141.253 117.756 141.347 119.497 138.921 120.663C134.078 122.989 133.303 130.684 133.296 130.761Z" fill="#DAEBE8"/>
<path d="M149.058 131.683C149 131.588 147.669 129.324 148.37 126.834C148.821 125.234 150.011 123.92 151.909 122.929C155.127 121.248 154.89 119.14 154.617 116.699C154.391 114.69 154.136 112.413 155.991 110.178C158.025 107.728 158.141 104.899 157.88 102.957C157.597 100.846 156.822 99.3016 156.814 99.2863L157.026 99.1782C157.034 99.194 157.827 100.775 158.116 102.925C158.384 104.914 158.264 107.814 156.174 110.33C154.384 112.487 154.622 114.615 154.853 116.672C155.125 119.095 155.381 121.384 152.019 123.14C150.182 124.1 149.031 125.364 148.599 126.899C147.926 129.291 149.248 131.538 149.262 131.56L149.058 131.683Z" fill="#DAEBE8"/>
<path d="M171.74 131.019C171.728 130.999 170.605 129.036 169.953 126.475C169.086 123.071 169.441 120.156 170.979 118.045C173.269 114.902 172.181 112.465 171.129 110.109C170.493 108.685 169.893 107.341 170.045 105.899C170.437 102.179 168.731 97.849 168.714 97.8058L168.935 97.7173C168.953 97.7612 170.68 102.146 170.281 105.924C170.136 107.302 170.724 108.618 171.346 110.011C172.426 112.43 173.543 114.931 171.172 118.185C169.284 120.776 169.591 124.088 170.182 126.411C170.825 128.941 171.935 130.88 171.946 130.899L171.74 131.019Z" fill="#DAEBE8"/>
<path d="M193.629 131.569C193.596 131.527 190.391 127.253 189.067 121.324C188.335 118.046 186.164 114.782 184.249 111.902C182.719 109.601 181.397 107.614 181.264 106.222C180.98 103.252 176.221 97.411 176.173 97.3523L176.357 97.2012C176.555 97.4429 181.21 103.157 181.501 106.2C181.628 107.531 182.935 109.496 184.447 111.77C186.374 114.667 188.558 117.951 189.299 121.272C190.612 127.151 193.786 131.383 193.818 131.425L193.629 131.569Z" fill="#DAEBE8"/>
<path d="M208.473 130.929C208.451 130.905 206.325 128.427 203.948 125.348C201.752 122.503 198.886 118.547 197.705 115.858C196.512 113.138 193.023 109.22 189.648 105.43C186.682 102.098 183.879 98.9499 183.128 97.1019L183.348 97.012C184.084 98.8219 186.873 101.955 189.826 105.271C193.213 109.075 196.715 113.008 197.923 115.762C198.85 117.873 200.998 121.137 204.136 125.202C206.51 128.276 208.632 130.749 208.653 130.774L208.473 130.929Z" fill="#DAEBE8"/>
<path d="M144.342 119.317C144.934 120.335 145.832 121.985 150.141 121.511C150.283 121.496 150.791 121.356 150.932 121.337C151.396 121.276 152.049 121.276 153.066 121.5C155.29 121.991 158.1 120.973 158.974 119.317C159.847 117.66 159.333 114.343 159.333 114.343L143.641 114.209C143.641 114.209 143.757 118.313 144.342 119.317Z" fill="#331832"/>
<path d="M158.692 98.4998C158.692 98.4998 157.763 95.9375 151.63 95.9012C142.785 95.8488 145.279 103.103 142.883 117.075C142.883 117.075 150.469 120.048 159.907 117.688C159.907 117.688 160.613 103.968 158.692 98.4998Z" fill="#764678"/>
<path d="M153.761 95.6576C152.821 96.6988 150.946 97.3929 150.028 97.0907C148.884 96.7147 149.336 96.0553 149.484 95.9005C149.845 95.5217 149.956 95.244 149.964 94.7971L149.965 94.6887L149.974 94.1391L149.991 93.1052L150.007 92.0597L150.062 88.5947L151.383 92.1131L151.607 92.7118L151.924 93.5563L152.379 94.7667C152.629 95.432 153.754 95.6562 153.761 95.6576Z" fill="#FFB27D"/>
<path d="M153.874 91.1384C154.277 89.2069 153.217 87.3502 151.504 86.9913C149.792 86.6324 148.076 87.9072 147.672 89.8387C147.268 91.7702 148.329 93.6269 150.042 93.9858C151.754 94.3447 153.47 93.0698 153.874 91.1384Z" fill="#FFB27D"/>
<path d="M143.229 119.824C143.194 115.613 143.481 109.56 145.047 104.636C145.41 103.495 145.565 103.064 145.874 102.431C146.123 101.921 145.482 100.915 144.59 100.493C143.753 100.096 142.532 100.293 142.361 100.546C142.071 100.977 141.796 101.774 141.371 103.039C139.892 107.435 139.303 112.985 139.554 120.042L143.229 119.824Z" fill="#FFB27D"/>
<path d="M140.446 118.307C140.446 118.307 136.9 118.119 135.989 118.922C135.078 119.724 134.495 121.47 135.16 121.098C135.825 120.726 136.55 120.005 136.55 120.005C136.55 120.005 135.071 121.622 135.582 121.82C136.093 122.019 137.366 120.6 137.366 120.6C137.366 120.6 135.752 122.67 136.293 122.694C136.834 122.718 138.049 121.136 138.049 121.136C138.049 121.136 136.621 123.125 137.249 123.138C137.878 123.15 138.419 121.486 138.93 121.684C139.441 121.883 140.907 123.037 141.608 121.617L140.446 118.307Z" fill="#FFB27D"/>
<path d="M136.588 120.03L136.514 119.98C136.529 119.958 136.881 119.442 137.27 119.442C137.273 119.442 137.276 119.442 137.279 119.442L137.277 119.532C137.275 119.532 137.272 119.532 137.27 119.532C136.929 119.532 136.592 120.025 136.588 120.03Z" fill="#E9845C"/>
<path d="M137.403 120.624L137.328 120.575C137.342 120.554 137.68 120.04 138.225 119.937L138.242 120.025C137.734 120.122 137.406 120.619 137.403 120.624Z" fill="#E9845C"/>
<path d="M138.086 121.161L138.012 121.111C138.03 121.084 138.451 120.464 138.87 120.51L138.86 120.599C138.494 120.559 138.09 121.155 138.086 121.161Z" fill="#E9845C"/>
<path d="M143.229 119.825C143.229 119.825 142.655 122.31 140.865 122.285C139.074 122.26 140.638 118.855 140.638 118.855L143.229 119.825Z" fill="#FFB27D"/>
<path d="M159.903 119.208C159.956 114.997 159.694 108.943 158.148 104.012C157.79 102.869 157.636 102.438 157.33 101.803C157.083 101.292 157.728 100.289 158.622 99.8707C159.461 99.4781 160.681 99.6806 160.851 99.9344C161.139 100.366 161.411 101.165 161.831 102.432C163.292 106.834 163.858 112.387 163.577 119.443L159.903 119.208Z" fill="#FFB27D"/>
<path d="M162.692 117.703C162.692 117.703 166.24 117.532 167.147 118.338C168.054 119.144 168.631 120.893 167.967 120.518C167.303 120.143 166.581 119.419 166.581 119.419C166.581 119.419 168.054 121.042 167.542 121.238C167.03 121.434 165.763 120.01 165.763 120.01C165.763 120.01 167.368 122.087 166.827 122.109C166.287 122.13 165.078 120.543 165.078 120.543C165.078 120.543 166.498 122.538 165.869 122.548C165.24 122.557 164.706 120.891 164.194 121.087C163.683 121.283 162.212 122.431 161.517 121.008L162.692 117.703Z" fill="#FFB27D"/>
<path d="M166.544 119.444C166.541 119.439 166.204 118.942 165.862 118.942C165.86 118.942 165.859 118.943 165.857 118.943L165.855 118.853C165.858 118.853 165.86 118.853 165.862 118.853C166.252 118.853 166.604 119.372 166.619 119.394L166.544 119.444Z" fill="#E9845C"/>
<path d="M165.724 120.035C165.721 120.03 165.394 119.53 164.888 119.432L164.905 119.343C165.45 119.449 165.786 119.964 165.8 119.986L165.724 120.035Z" fill="#E9845C"/>
<path d="M165.04 120.568C165.036 120.562 164.632 119.966 164.269 120.003L164.26 119.913C164.678 119.869 165.097 120.492 165.115 120.518L165.04 120.568Z" fill="#E9845C"/>
<path d="M159.902 119.209C159.902 119.209 160.466 121.697 162.256 121.68C164.047 121.663 162.497 118.251 162.497 118.251L159.902 119.209Z" fill="#FFB27D"/>
<path d="M161.727 100.267C161.727 100.267 159.916 105.419 156.149 105.676C152.768 105.906 150.78 105.475 147.918 105.183C143.854 104.767 141.761 99.8661 141.761 99.8661C141.761 99.8661 142.901 95.4614 152.544 95.6076C159.104 95.7071 161.727 100.267 161.727 100.267Z" fill="#764678"/>
<path d="M141.264 110.723C140.955 110.723 140.712 110.345 140.712 109.863C140.712 109.38 140.955 109.003 141.264 109.003C141.573 109.003 141.815 109.38 141.815 109.863C141.815 110.345 141.573 110.723 141.264 110.723ZM141.264 109.153C141.046 109.153 140.862 109.478 140.862 109.863C140.862 110.248 141.046 110.573 141.264 110.573C141.482 110.573 141.666 110.248 141.666 109.863C141.666 109.478 141.482 109.153 141.264 109.153Z" fill="#EC9864"/>
<path d="M162.337 110.521C162.262 110.521 162.185 110.499 162.11 110.455C161.92 110.344 161.764 110.107 161.692 109.821C161.576 109.355 161.718 108.926 162.016 108.844C162.121 108.816 162.234 108.834 162.342 108.897C162.532 109.009 162.688 109.246 162.76 109.532C162.876 109.998 162.734 110.426 162.436 110.508C162.404 110.517 162.371 110.521 162.337 110.521ZM162.115 108.981C162.095 108.981 162.076 108.983 162.056 108.989C161.844 109.047 161.744 109.411 161.838 109.785C161.899 110.028 162.032 110.236 162.186 110.326C162.236 110.356 162.314 110.386 162.396 110.363C162.608 110.305 162.708 109.941 162.615 109.568C162.554 109.324 162.42 109.117 162.266 109.027C162.228 109.004 162.174 108.981 162.115 108.981Z" fill="#EC9864"/>
<path d="M150.196 86.2289C150.196 86.2289 147.356 86.5828 146.682 88.2239C146.008 89.865 146.682 91.6509 146.682 92.6645C146.682 93.6781 148.402 94.9487 150.767 94.5547C153.131 94.1608 153.95 93.5816 154.575 92.4714C155.201 91.3613 155.249 89.2375 154.575 88.3687C153.901 87.4998 151.695 85.8483 150.196 86.2289Z" fill="#EF8062"/>
<path d="M151.015 93.2945C151.015 93.2945 149.115 92.8434 148.236 94.3227C147.357 95.8021 148.45 97.4424 145.93 97.9255C143.411 98.4086 143.315 101.565 145.48 101.748C147.646 101.932 144.373 104.49 146.635 106.131C148.897 107.772 149.322 104.587 151.516 105.311C153.71 106.035 155.635 106.18 156.165 104.587C156.694 102.994 154.047 101.256 155.828 100.098C157.608 98.9395 157.798 98.6663 155.78 97.162C153.761 95.6577 153.01 93.0388 151.015 93.2945Z" fill="#EF8062"/>
<path d="M150.461 93.2291C150.461 93.2291 149.185 92.109 148.921 92.5193C148.656 92.9296 148.782 94.0373 149.378 94.088C149.974 94.1387 150.336 93.4122 150.723 93.6777C151.11 93.9432 152.03 94.0409 151.977 93.7984C151.924 93.556 152.242 92.2539 151.616 92.2539C150.99 92.2539 150.931 93.3536 150.461 93.2291Z" fill="#764678"/>
<path d="M148.957 102.879C148.947 102.879 148.936 102.876 148.927 102.87C148.902 102.853 148.896 102.82 148.912 102.795C149.36 102.121 148.7 101.492 148.119 100.937C147.618 100.46 147.146 100.009 147.509 99.6141C147.797 99.3018 148.298 99.1665 148.741 99.0471C149.182 98.9278 149.599 98.8154 149.702 98.5592C149.762 98.4089 149.716 98.2107 149.56 97.9532C148.758 96.6242 149.87 94.8433 149.918 94.7682C149.934 94.743 149.967 94.7356 149.992 94.7516C150.017 94.7675 150.025 94.8008 150.009 94.826C149.998 94.8438 148.885 96.6258 149.653 97.8974C149.827 98.186 149.876 98.4157 149.802 98.5995C149.679 98.9055 149.237 99.0247 148.769 99.1511C148.32 99.2725 147.855 99.398 147.589 99.6871C147.297 100.005 147.712 100.401 148.193 100.859C148.806 101.444 149.5 102.106 149.002 102.855C148.991 102.87 148.974 102.879 148.957 102.879Z" fill="#331832"/>
<path d="M149.679 91.9463C149.673 91.9463 149.668 91.9454 149.662 91.9437C148.62 91.6076 148.285 90.3989 147.931 89.1193C147.563 87.7912 149.227 86.8233 149.244 86.8137C149.27 86.799 149.303 86.8079 149.317 86.8339C149.332 86.8598 149.323 86.8927 149.297 86.9074C149.281 86.9167 147.689 87.8433 148.034 89.0906C148.396 90.3958 148.708 91.5229 149.695 91.8412C149.724 91.8504 149.739 91.8807 149.73 91.909C149.723 91.9317 149.702 91.9463 149.679 91.9463Z" fill="#331832"/>
<path d="M148.02 94.406C147.06 94.4061 146.333 93.7444 145.987 93.1422C145.642 92.5413 145.597 91.9105 145.871 91.5355C146.136 91.1731 146.03 90.6533 145.907 90.0513C145.762 89.3408 145.597 88.5354 146.07 87.8449C146.921 86.6004 149.664 86.3323 149.78 86.3215L149.794 86.4656C149.766 86.4682 147.002 86.7382 146.189 87.9266C145.751 88.5664 145.902 89.3065 146.049 90.0222C146.173 90.6314 146.291 91.2069 145.988 91.621C145.747 91.9498 145.796 92.5186 146.112 93.0699C146.463 93.6804 147.227 94.3559 148.227 94.2503L148.243 94.3941C148.167 94.4021 148.093 94.406 148.02 94.406Z" fill="#EF8062"/>
<path d="M159.029 61.0671V58.4014C159.029 57.6749 158.441 57.0858 157.717 57.0858H150.527C149.802 57.0858 149.215 56.4967 149.215 55.7701V54.0767C149.215 53.8322 149.283 53.5924 149.411 53.3845L157.179 40.7932C157.418 40.4055 157.84 40.1697 158.294 40.1697H162.624C163.348 40.1697 163.935 40.7588 163.935 41.4854V51.8743C163.935 52.6009 164.523 53.1899 165.247 53.1899C165.972 53.1899 166.559 53.779 166.559 54.5056V55.77C166.559 56.4966 165.972 57.0857 165.247 57.0857C164.523 57.0857 163.935 57.6748 163.935 58.4014V61.067C163.935 61.7937 163.348 62.3827 162.624 62.3827H160.341C159.616 62.3829 159.029 61.7938 159.029 61.0671ZM157.717 53.19C158.441 53.19 159.029 52.6009 159.029 51.8744V48.269C159.029 47.6079 159.045 46.9382 159.071 46.2561C159.09 45.72 158.378 45.518 158.114 45.9842L154.966 51.5249C154.544 52.2674 155.078 53.19 155.93 53.19H157.717Z" fill="#ACC9C5"/>
<path d="M159.797 72.5253C154.138 72.5253 148.817 70.3149 144.815 66.3013C140.813 62.2879 138.609 56.9518 138.609 51.2759C138.609 45.6 140.813 40.2639 144.815 36.2504C148.817 32.2367 154.138 30.0264 159.797 30.0264C165.457 30.0264 170.778 32.2367 174.78 36.2504C178.782 40.2639 180.986 45.6 180.986 51.2759C180.986 56.9518 178.782 62.2879 174.78 66.3013C170.778 70.315 165.457 72.5253 159.797 72.5253ZM159.797 30.6426C154.302 30.6426 149.136 32.7888 145.25 36.6857C141.364 40.5829 139.224 45.7645 139.224 51.2759C139.224 56.7874 141.364 61.9689 145.25 65.866C149.136 69.763 154.302 71.9092 159.797 71.9092C165.293 71.9092 170.459 69.763 174.345 65.866C178.23 61.9689 180.37 56.7874 180.37 51.2759C180.37 45.7644 178.23 40.5829 174.345 36.6857C170.459 32.7888 165.293 30.6426 159.797 30.6426Z" fill="#ACC9C5"/>
<path d="M159.797 69.583C149.732 69.583 141.542 61.3704 141.542 51.2756C141.542 41.1808 149.732 32.9683 159.797 32.9683C169.863 32.9683 178.052 41.1809 178.052 51.2756C178.052 61.3703 169.863 69.583 159.797 69.583ZM159.797 33.4992C150.024 33.4992 142.073 41.4737 142.073 51.2757C142.073 61.0777 150.024 69.0522 159.797 69.0522C169.571 69.0522 177.522 61.0777 177.522 51.2757C177.522 41.4737 169.571 33.4992 159.797 33.4992Z" fill="#ACC9C5"/>
<path d="M127.169 79.0519L115.953 79.1211C114.902 79.1271 114.021 78.3803 113.929 77.4044L109.329 28.6161C109.224 27.5173 110.154 26.5713 111.339 26.5713H120.87L127.169 79.0519Z" fill="#ACC9C5"/>
<path d="M118.29 35.6881L113.099 36.1549C112.477 36.2108 111.885 35.4784 111.776 34.519L111.403 31.2211C111.294 30.2618 111.709 29.4388 112.331 29.3829L117.523 28.9161C118.144 28.8602 118.736 29.5926 118.845 30.552L119.219 33.8499C119.327 34.8092 118.912 35.6321 118.29 35.6881Z" fill="#DAEBE8"/>
<path d="M119.325 45.5804L114.134 46.0473C113.512 46.1032 112.92 45.3707 112.812 44.4114L112.438 41.1135C112.329 40.1541 112.745 39.3311 113.366 39.2752L118.558 38.8084C119.179 38.7526 119.771 39.4849 119.88 40.4443L120.254 43.7422C120.362 44.7016 119.947 45.5246 119.325 45.5804Z" fill="#DAEBE8"/>
<path d="M120.362 55.4741L115.171 55.9409C114.549 55.9968 113.957 55.2644 113.849 54.305L113.475 51.0071C113.366 50.0478 113.782 49.2248 114.403 49.1688L119.595 48.702C120.216 48.6461 120.808 49.3785 120.917 50.3379L121.291 53.6358C121.4 54.5951 120.984 55.4181 120.362 55.4741Z" fill="#DAEBE8"/>
<path d="M121.4 65.3664L116.208 65.8333C115.586 65.8891 114.995 65.1567 114.886 64.1974L114.512 60.8995C114.403 59.9401 114.819 59.1171 115.44 59.0612L120.632 58.5943C121.253 58.5385 121.845 59.2708 121.954 60.2302L122.328 63.5281C122.437 64.4875 122.021 65.3105 121.4 65.3664Z" fill="#DAEBE8"/>
<path d="M122.424 75.184L117.233 75.6509C116.611 75.7067 116.019 74.9743 115.911 74.015L115.537 70.7171C115.428 69.7577 115.844 68.9347 116.465 68.8788L121.657 68.4119C122.278 68.3561 122.87 69.0885 122.979 70.0478L123.353 73.3457C123.461 74.3052 123.046 75.1282 122.424 75.184Z" fill="#DAEBE8"/>
<path d="M198.285 79.4608L209.501 79.5311C210.552 79.5372 211.433 78.7787 211.525 77.7876L216.125 28.2373C216.23 27.1214 215.3 26.1606 214.115 26.1606H204.584L198.285 79.4608Z" fill="#ACC9C5"/>
<path d="M207.164 35.4197L212.355 35.8938C212.977 35.9506 213.569 35.2067 213.678 34.2324L214.052 30.8829C214.16 29.9086 213.745 29.0727 213.123 29.016L207.932 28.5419C207.31 28.4851 206.718 29.2289 206.609 30.2033L206.236 33.5528C206.127 34.527 206.542 35.3629 207.164 35.4197Z" fill="#DAEBE8"/>
<path d="M206.127 45.467L211.318 45.9412C211.94 45.9979 212.532 45.2541 212.641 44.2797L213.014 40.9303C213.123 39.9559 212.708 39.12 212.086 39.0634L206.894 38.5892C206.273 38.5325 205.681 39.2763 205.572 40.2507L205.198 43.6001C205.09 44.5744 205.505 45.4103 206.127 45.467Z" fill="#DAEBE8"/>
<path d="M205.092 55.5152L210.283 55.9894C210.905 56.0461 211.497 55.3023 211.605 54.3279L211.979 50.9785C212.088 50.0041 211.672 49.1682 211.051 49.1115L205.859 48.6373C205.238 48.5805 204.646 49.3244 204.537 50.2988L204.163 53.6482C204.055 54.6226 204.47 55.4584 205.092 55.5152Z" fill="#DAEBE8"/>
<path d="M204.057 65.5618L209.249 66.0359C209.87 66.0927 210.462 65.3488 210.571 64.3744L210.945 61.025C211.053 60.0506 210.638 59.2148 210.016 59.1581L204.825 58.684C204.203 58.6272 203.611 59.371 203.503 60.3454L203.129 63.6948C203.02 64.6691 203.435 65.505 204.057 65.5618Z" fill="#DAEBE8"/>
<path d="M203.028 75.5334L208.219 76.0076C208.841 76.0643 209.433 75.3205 209.541 74.3461L209.915 70.9967C210.024 70.0224 209.608 69.1865 208.987 69.1298L203.795 68.6556C203.174 68.5989 202.582 69.3427 202.473 70.3171L202.099 73.6665C201.99 74.6408 202.406 75.4767 203.028 75.5334Z" fill="#DAEBE8"/>
<path d="M197.365 53.437H128.062V53.5562H197.365V53.437Z" fill="#ACC9C5"/>
<path d="M160.487 28.1292H160.362V77.6149H160.487V28.1292Z" fill="#ACC9C5"/>
<g opacity="0.3">
<path d="M205.181 31.3306L200.135 73.3615L160.424 52.3768V26.4592L207.811 26.5714L205.181 31.3306Z" fill="#ACC9C5"/>
</g>
<path d="M184.19 95.7188C184.19 95.7188 188.845 97.5678 189.997 99.2082C191.148 100.849 190.167 102.608 186.45 101.892C182.732 101.177 184.19 95.7188 184.19 95.7188Z" fill="#FFB27D"/>
<path d="M175.261 92.3367L176.304 94.256C175.987 94.9186 174.548 97.0959 173.307 98.9106C172.555 100.009 174.53 101.554 173.961 102.132C172.325 103.792 167.017 103.315 165.919 101.853C163.77 98.9916 174.537 93.2419 175.261 92.3367Z" fill="#FFB27D"/>
<path d="M167.446 99.5487C167.425 99.5487 167.406 99.5372 167.396 99.5176C167.383 99.4903 167.395 99.4578 167.422 99.4447C167.446 99.4332 169.861 98.29 171.52 98.29C171.55 98.29 171.574 98.3145 171.574 98.3447C171.574 98.3748 171.55 98.3993 171.52 98.3993C169.886 98.3993 167.493 99.532 167.469 99.5434C167.462 99.547 167.454 99.5487 167.446 99.5487Z" fill="#EC865C"/>
<path d="M179.22 95.3725L179.1 93.5729L179.065 93.049L178.86 89.9685L178.066 92.7946L177.59 94.491L177.439 95.028C177.337 95.3925 177.095 95.4164 176.747 95.6714C176.606 95.7747 175.713 96.3921 176.43 96.9381C177.323 97.6185 179.348 97.394 180.265 96.6861C180.26 96.6834 179.259 95.9541 179.22 95.3725Z" fill="#FFB27D"/>
<path d="M180.149 91.3576C180.593 89.6702 179.822 88.0036 178.427 87.6351C177.031 87.2666 175.539 88.3358 175.095 90.0231C174.65 91.7105 175.421 93.3771 176.817 93.7456C178.213 94.1141 179.704 93.0449 180.149 91.3576Z" fill="#EBA072"/>
<path d="M176.308 89.4041C174.819 89.2662 174.212 88.3148 174.299 87.5189C174.409 86.4981 175.165 85.6799 175.86 86.1557C176.555 86.6314 176.356 85.6617 177.085 85.6568C178.446 85.6476 178.573 86.6343 179.661 86.8238C181.097 87.0738 182.429 89.7012 180.99 91.3037C180.99 91.3037 177.484 89.5131 176.308 89.4041Z" fill="#331832"/>
<path d="M175.124 88.2054C175.124 88.2054 176.508 89.941 176.187 90.7738C175.867 91.6067 175.876 91.9504 176.741 92.5301C177.605 93.1097 176.692 93.7481 177.917 93.9629C179.142 94.1778 180.842 92.9149 181.153 90.5144C181.327 89.176 180.675 88.2002 180.675 88.2002L175.124 88.2054Z" fill="#331832"/>
<path d="M175.393 90.6309C175.605 90.3992 175.945 90.3657 176.152 90.5562C176.358 90.7466 176.353 91.089 176.141 91.3208C175.928 91.5525 175.588 91.586 175.382 91.3956C175.175 91.205 175.18 90.8627 175.393 90.6309Z" fill="#EBA072"/>
<path d="M180.699 90.9439C180.683 90.9439 180.668 90.9333 180.663 90.9168C180.563 90.5968 180.238 90.4372 180.235 90.4356C180.216 90.4264 180.207 90.4034 180.217 90.3842C180.226 90.365 180.249 90.3569 180.268 90.3661C180.283 90.3731 180.627 90.5421 180.736 90.8937C180.743 90.914 180.731 90.9357 180.711 90.942C180.707 90.9432 180.703 90.9439 180.699 90.9439Z" fill="#331832"/>
<path d="M180.235 90.2522C180.216 90.2522 180.2 90.2384 180.197 90.2192C180.194 90.1982 180.209 90.1786 180.23 90.1754C180.246 90.173 180.633 90.1115 180.664 89.7945C180.666 89.7731 180.687 89.7568 180.706 89.7599C180.728 89.7619 180.743 89.7809 180.741 89.802C180.703 90.1793 180.245 90.2511 180.241 90.2517C180.239 90.252 180.237 90.2522 180.235 90.2522Z" fill="#331832"/>
<path d="M176.126 86.1264C176.09 86.1264 176.053 86.118 176.015 86.1014C175.897 86.0485 175.813 85.9727 175.733 85.8993C175.583 85.7635 175.454 85.6461 175.132 85.7056C175.111 85.7091 175.091 85.6957 175.088 85.6747C175.084 85.6537 175.098 85.6336 175.118 85.6297C175.478 85.5632 175.633 85.705 175.784 85.842C175.861 85.9114 175.94 85.9831 176.047 86.0308C176.101 86.0552 176.151 86.0552 176.2 86.0308C176.382 85.9397 176.473 85.5531 176.474 85.5492C176.479 85.5285 176.499 85.5156 176.52 85.5202C176.541 85.525 176.554 85.5457 176.549 85.5665C176.545 85.5838 176.449 85.9923 176.235 86.0998C176.199 86.1175 176.163 86.1264 176.126 86.1264Z" fill="#331832"/>
<path d="M179.706 86.6914C179.107 86.6914 178.686 86.1807 178.668 86.1586C178.654 86.1421 178.657 86.1177 178.673 86.1044C178.69 86.0908 178.714 86.0935 178.728 86.11C178.732 86.1152 179.159 86.6294 179.736 86.6139C179.736 86.6139 179.736 86.6138 179.737 86.6138C179.757 86.6138 179.775 86.6304 179.775 86.6513C179.776 86.6725 179.759 86.6903 179.738 86.691C179.727 86.6914 179.717 86.6914 179.706 86.6914Z" fill="#331832"/>
<path d="M175.735 91.5507C175.641 91.5507 175.578 91.5209 175.577 91.5202C175.568 91.5157 175.564 91.5046 175.568 91.4953C175.573 91.4861 175.584 91.4827 175.593 91.4869C175.606 91.4931 175.913 91.6374 176.199 91.2133C176.205 91.2047 176.217 91.2025 176.225 91.2083C176.234 91.2141 176.236 91.2257 176.23 91.2341C176.054 91.4952 175.865 91.5507 175.735 91.5507Z" fill="#331832"/>
<path d="M199.117 111.121C199.117 111.121 198.999 107.741 199.615 107.324C200.23 106.907 202.126 106.258 201.27 105.765C200.778 105.483 198.858 106.119 198.303 106.231C197.747 106.344 197.176 106.207 196.839 106.663C196.467 107.166 197.333 109.116 197.333 109.116C197.333 109.116 197.635 111.873 198.069 111.797C198.693 111.687 199.117 111.121 199.117 111.121Z" fill="#331832"/>
<path d="M178.428 113.948C178.428 113.948 180.409 117.222 187.779 122.214C193.885 126.35 197.987 126.917 198.64 125.156C199.01 124.158 196.741 120.299 196.224 119.859L189.625 114.249L184.501 109.732L178.428 113.948Z" fill="#6DA49A"/>
<path d="M206.999 125.236C206.999 125.236 210.076 126.75 210.604 127.274C211.132 127.798 212.785 129.999 213.099 129.06C213.28 128.522 212.283 126.758 212.064 126.233C211.845 125.709 211.868 125.121 211.355 124.878C210.792 124.611 208.654 123.5 208.654 123.5C208.654 123.5 206.85 123.089 207.009 123.5C207.238 124.093 206.999 125.236 206.999 125.236Z" fill="#331832"/>
<path d="M182.969 109.293C182.969 109.293 186.142 112.599 193.433 117.706C198.696 121.394 204.128 124.979 206.741 126.687C207.676 127.299 208.892 127.2 209.686 126.449L210.113 126.045C210.972 125.233 210.917 123.836 209.996 123.053L194.166 109.594L189.042 105.077L182.969 109.293Z" fill="#6DA49A"/>
<path d="M182.187 95.7202C182.187 95.7202 179.799 93.7677 174.944 97.0392C170.272 100.187 172.722 107.363 178.718 115.822C178.718 115.822 192.777 115.781 193.531 108.545C193.531 108.545 191.285 106.385 189.245 103.961C187.773 102.213 187.033 100.796 185.974 99.0603C184.989 97.4468 183.315 96.4631 182.187 95.7202Z" fill="#EF8062"/>
<path d="M195.491 119.209C195.483 119.209 195.474 119.207 195.466 119.201C193.408 117.804 192.447 116.22 192.003 115.137C191.521 113.961 191.528 113.103 191.528 113.094C191.528 113.07 191.548 113.051 191.572 113.051C191.572 113.051 191.573 113.051 191.573 113.051C191.597 113.051 191.617 113.071 191.616 113.096C191.616 113.129 191.616 116.481 195.516 119.128C195.536 119.142 195.542 119.169 195.528 119.189C195.519 119.202 195.505 119.209 195.491 119.209Z" fill="#331832"/>
<path d="M174.701 93.602C174.701 93.602 173.577 92.9372 173.422 92.1733C173.268 91.4094 173.633 90.3134 173.827 90.7659C174.02 91.2184 174.112 91.867 174.112 91.867C174.112 91.867 173.979 90.4718 174.31 90.581C174.641 90.6902 174.745 91.9047 174.745 91.9047C174.745 91.9047 174.716 90.2315 174.997 90.4387C175.277 90.6459 175.29 91.9171 175.29 91.9171C175.29 91.9171 175.323 90.3592 175.643 90.6077C175.963 90.8562 175.608 91.8949 175.939 92.0041C176.27 92.1132 177.381 93.2768 176.288 94.2609L174.701 93.602Z" fill="#FFB27D"/>
<path d="M174.279 92.4724C174.268 92.4724 174.256 92.4686 174.246 92.4609C174.036 92.2981 174.055 91.8827 174.055 91.8651C174.057 91.835 174.083 91.8125 174.113 91.8133C174.143 91.8147 174.166 91.8404 174.164 91.8706C174.159 91.9748 174.176 92.2685 174.313 92.3745C174.337 92.393 174.341 92.4273 174.323 92.4512C174.312 92.4651 174.296 92.4724 174.279 92.4724Z" fill="#EC865C"/>
<path d="M174.947 92.6169C174.931 92.6169 174.916 92.6105 174.905 92.598C174.664 92.3187 174.688 91.9189 174.69 91.902C174.692 91.8719 174.718 91.8492 174.748 91.8512C174.778 91.8533 174.801 91.8794 174.799 91.9094C174.798 91.9131 174.777 92.2818 174.988 92.5264C175.007 92.5493 175.005 92.5838 174.982 92.6035C174.972 92.6126 174.959 92.6169 174.947 92.6169Z" fill="#EC865C"/>
<path d="M175.478 92.5896C175.468 92.5896 175.458 92.5867 175.449 92.5809C175.21 92.4263 175.233 91.9363 175.234 91.9155C175.236 91.8854 175.264 91.865 175.291 91.8638C175.321 91.8654 175.344 91.8911 175.343 91.9211C175.337 92.0452 175.354 92.3893 175.508 92.489C175.533 92.5054 175.541 92.5393 175.524 92.5645C175.514 92.5807 175.496 92.5896 175.478 92.5896Z" fill="#EC865C"/>
<path d="M186.628 96.2565C186.628 96.2565 187.907 100.879 183.619 101.84C181.035 102.419 176.283 104.656 174.45 103.346C170.405 100.454 170.858 98.3443 170.858 98.3443C170.858 98.3443 172.123 95.3815 178.698 94.5566C183.238 93.9869 186.628 96.2565 186.628 96.2565Z" fill="#EF8062"/>
<path d="M196.356 108.894C196.356 108.894 192.266 119.965 193.71 122.09C195.153 124.215 196.607 126.72 198.156 125.827C199.705 124.934 200.371 113.145 200.284 111.538C200.198 109.931 197.254 107.36 196.356 108.894Z" fill="#6DA49A"/>
<path d="M193.401 121.264C193.383 121.264 193.366 121.253 193.359 121.234C193.05 120.361 193.471 118.742 193.489 118.673L195.018 112.748C195.024 112.724 195.048 112.71 195.072 112.716C195.096 112.722 195.11 112.746 195.104 112.77L193.574 118.695C193.57 118.712 193.142 120.358 193.443 121.205C193.451 121.228 193.439 121.253 193.416 121.261C193.411 121.263 193.406 121.264 193.401 121.264Z" fill="#331832"/>
<path d="M199.455 121.888C199.453 121.888 199.451 121.888 199.45 121.888C199.426 121.886 199.408 121.864 199.41 121.839L200.14 114.706C200.142 114.681 200.165 114.664 200.188 114.666C200.213 114.669 200.231 114.691 200.228 114.715L199.499 121.848C199.496 121.871 199.477 121.888 199.455 121.888Z" fill="#331832"/>
<path d="M175.198 93.8639C175.191 93.8639 175.184 93.8627 175.178 93.86C174.62 93.6344 174.095 93.2351 174.089 93.2312C174.065 93.2128 174.061 93.1786 174.079 93.1546C174.097 93.1307 174.131 93.1259 174.156 93.1442C174.161 93.1481 174.675 93.5388 175.219 93.7587C175.246 93.77 175.26 93.8018 175.249 93.8298C175.24 93.8511 175.22 93.8639 175.198 93.8639Z" fill="#EC865C"/>
<path d="M126.924 134.538C126.924 134.538 124.192 131.684 125.132 130.059C126.072 128.433 127.658 133.55 127.658 133.55C127.658 133.55 126.836 127.499 128.54 127.394C130.243 127.289 128.54 133.55 128.54 133.55C128.54 133.55 129.171 132.09 129.788 132C130.405 131.91 130.229 133.238 129.127 134.538H126.924Z" fill="#73B3CE"/>
<path d="M126.491 134.166C126.484 134.159 125.795 133.435 125.231 132.521C124.462 131.275 124.279 130.285 124.687 129.58C124.838 129.318 125.021 129.196 125.23 129.22C125.652 129.267 126.127 129.92 126.682 131.216C126.848 131.603 126.995 131.989 127.11 132.309C126.977 130.906 126.824 128.116 127.583 127.19C127.744 126.993 127.94 126.886 128.166 126.872C128.385 126.858 128.567 126.937 128.705 127.107C129.389 127.949 128.778 130.983 128.442 132.404C128.692 131.99 129.045 131.531 129.406 131.478C129.576 131.453 129.712 131.517 129.789 131.657C130.014 132.064 129.716 133.112 128.826 134.162L128.69 134.047C129.566 133.014 129.8 132.045 129.633 131.743C129.592 131.669 129.528 131.641 129.432 131.655C128.966 131.723 128.423 132.759 128.253 133.152L128.085 133.093C128.088 133.081 128.419 131.859 128.64 130.523C128.929 128.777 128.903 127.634 128.566 127.219C128.465 127.095 128.338 127.041 128.176 127.05C128 127.061 127.851 127.144 127.72 127.303C126.762 128.473 127.372 133.059 127.378 133.105L127.205 133.143C126.89 132.128 125.918 129.477 125.21 129.397C125.077 129.382 124.956 129.471 124.841 129.67C123.945 131.219 126.593 134.015 126.62 134.043L126.491 134.166Z" fill="#444092"/>
<path d="M104.822 129.939C104.822 129.939 102.052 127.045 103.005 125.397C103.959 123.748 105.567 128.938 105.567 128.938C105.567 128.938 104.733 122.801 106.461 122.695C108.188 122.588 106.461 128.938 106.461 128.938C106.461 128.938 107.101 127.457 107.727 127.366C108.352 127.274 108.174 128.621 107.056 129.939L104.822 129.939Z" fill="#73B3CE"/>
<path d="M104.382 129.563C104.375 129.555 103.676 128.821 103.104 127.894C102.324 126.63 102.139 125.627 102.552 124.912C102.706 124.645 102.891 124.523 103.103 124.546C103.531 124.594 104.013 125.257 104.576 126.571C104.744 126.963 104.893 127.354 105.01 127.679C104.875 126.256 104.719 123.427 105.489 122.487C105.653 122.288 105.852 122.179 106.08 122.165C106.303 122.151 106.487 122.231 106.627 122.403C107.321 123.257 106.702 126.334 106.361 127.775C106.614 127.356 106.972 126.89 107.339 126.837C107.51 126.811 107.648 126.876 107.727 127.017C107.955 127.43 107.653 128.494 106.75 129.559L106.612 129.442C107.5 128.394 107.738 127.412 107.568 127.105C107.527 127.03 107.462 127.001 107.365 127.016C106.892 127.085 106.341 128.135 106.169 128.534L105.998 128.475C106.002 128.462 106.337 127.223 106.561 125.868C106.854 124.097 106.829 122.938 106.486 122.517C106.384 122.392 106.255 122.334 106.091 122.346C105.912 122.357 105.761 122.441 105.629 122.602C104.657 123.789 105.275 128.439 105.282 128.486L105.106 128.525C104.787 127.496 103.801 124.807 103.083 124.726C102.948 124.711 102.825 124.801 102.709 125.003C101.8 126.574 104.486 129.409 104.513 129.437L104.382 129.563Z" fill="#444092"/>
<path d="M79.2999 129.939C79.2999 129.939 76.5296 127.045 77.4828 125.397C78.436 123.748 80.0445 128.938 80.0445 128.938C80.0445 128.938 79.2105 122.801 80.9382 122.695C82.6659 122.588 80.9382 128.938 80.9382 128.938C80.9382 128.938 81.5787 127.457 82.2042 127.366C82.8298 127.274 82.651 128.621 81.534 129.939L79.2999 129.939Z" fill="#73B3CE"/>
<path d="M78.8571 129.563C78.8501 129.555 78.1513 128.821 77.5794 127.894C76.7996 126.63 76.6137 125.627 77.0271 124.912C77.1812 124.645 77.3666 124.522 77.5781 124.546C78.0063 124.594 78.4882 125.257 79.0511 126.571C79.2189 126.963 79.3677 127.354 79.4846 127.679C79.3497 126.256 79.1946 123.427 79.9642 122.487C80.1278 122.288 80.3267 122.179 80.5552 122.165C80.7785 122.151 80.9621 122.231 81.1017 122.403C81.7963 123.257 81.1766 126.334 80.8357 127.775C81.089 127.356 81.4473 126.89 81.8137 126.837C81.9851 126.811 82.1233 126.876 82.2017 127.017C82.4303 127.43 82.1277 128.494 81.2254 129.559L81.0875 129.442C81.9752 128.394 82.2131 127.411 82.0436 127.105C82.0019 127.03 81.9369 127.001 81.8398 127.016C81.3675 127.085 80.8163 128.135 80.6436 128.534L80.4734 128.475C80.4768 128.462 80.8124 127.223 81.0364 125.868C81.3295 124.097 81.3036 122.938 80.9614 122.517C80.8592 122.392 80.7301 122.335 80.5662 122.346C80.3874 122.357 80.2362 122.441 80.1038 122.602C79.1312 123.789 79.7502 128.439 79.7566 128.486L79.5807 128.525C79.2616 127.496 78.2761 124.807 77.5578 124.726C77.4225 124.711 77.2999 124.801 77.1835 125.003C76.2749 126.574 78.9604 129.409 78.9876 129.437L78.8571 129.563Z" fill="#444092"/>
<path d="M199.828 136.281C199.828 136.281 196.54 132.845 197.672 130.889C198.803 128.932 200.712 135.092 200.712 135.092C200.712 135.092 199.722 127.808 201.773 127.682C203.824 127.555 201.773 135.092 201.773 135.092C201.773 135.092 202.533 133.335 203.276 133.226C204.019 133.117 203.806 134.716 202.48 136.281H199.828Z" fill="#73B3CE"/>
<path d="M199.308 135.835C199.3 135.826 198.47 134.955 197.792 133.854C196.866 132.354 196.645 131.162 197.136 130.314C197.319 129.998 197.539 129.852 197.79 129.88C198.64 129.976 199.572 132.241 200.054 133.592C200.003 133.049 199.95 132.337 199.931 131.589C199.876 129.46 200.109 128.063 200.622 127.436C200.816 127.199 201.052 127.07 201.324 127.054C201.589 127.036 201.807 127.132 201.972 127.336C202.797 128.35 202.061 132.003 201.657 133.713C201.957 133.215 202.383 132.663 202.818 132.599C203.022 132.569 203.185 132.645 203.278 132.814C203.55 133.304 203.19 134.566 202.119 135.83L201.956 135.691C203.01 134.447 203.292 133.281 203.091 132.918C203.041 132.828 202.964 132.795 202.849 132.812C202.288 132.894 201.634 134.141 201.429 134.614L201.227 134.543C201.231 134.529 201.629 133.057 201.895 131.449C202.243 129.347 202.212 127.971 201.806 127.472C201.685 127.323 201.531 127.257 201.337 127.268C201.125 127.281 200.945 127.381 200.788 127.572C199.634 128.981 200.368 134.501 200.376 134.557L200.167 134.603C199.788 133.381 198.619 130.189 197.766 130.094C197.604 130.074 197.46 130.183 197.322 130.422C196.243 132.287 199.431 135.652 199.463 135.686L199.308 135.835Z" fill="#444092"/>
<path d="M245.742 93.5082C245.13 94.0952 243.774 94.3753 243.087 93.9445C242.505 93.5791 242.847 93.1238 243.065 92.912L243.07 92.9131C243.371 92.9347 243.639 92.7288 243.692 92.4312L243.757 92.0679L243.801 91.8249L243.987 90.7919L244.033 90.54L244.369 88.6648L244.678 90.627L244.721 90.9012L244.78 91.2821L244.78 91.2834L244.986 92.5929C245.052 93.0107 245.34 93.3571 245.736 93.5055C245.737 93.5058 245.74 93.5064 245.742 93.5082Z" fill="#FFB27D"/>
<path d="M244.907 91.014C244.905 91.0252 244.901 91.0362 244.897 91.0472C244.873 91.1351 244.833 91.2132 244.78 91.2831C244.54 91.6202 244.056 91.7684 243.802 91.8246L243.988 90.7916L244.034 90.5397C244.264 90.5375 244.507 90.5564 244.679 90.6267C244.705 90.6367 244.73 90.6488 244.754 90.6619C244.879 90.7349 244.946 90.8462 244.907 91.014Z" fill="#331832"/>
<path d="M246.143 89.4588C246.481 88.1216 245.879 86.8152 244.798 86.541C243.717 86.2668 242.566 87.1286 242.228 88.4659C241.89 89.8031 242.492 91.1095 243.573 91.3837C244.654 91.6579 245.804 90.7961 246.143 89.4588Z" fill="#FFB27D"/>
<path d="M220.9 112.17C220.9 112.17 220.674 113.169 219.94 113.317C219.206 113.464 217.193 113.325 217.797 114.118C218.144 114.573 220.175 114.732 220.735 114.844C221.295 114.957 221.772 115.307 222.263 115.015C222.804 114.693 222.757 112.543 222.757 112.543C222.757 112.543 222.223 112.699 221.791 112.6C221.168 112.458 220.9 112.17 220.9 112.17Z" fill="#331832"/>
<path d="M220.605 110.348C222.762 103.978 223.956 100.15 226.716 97.8485C231.378 93.9613 238.066 98.1485 240.42 98.6113C244.259 99.3663 241.958 100.896 241.958 100.896C242.138 102.417 240.884 102.742 237.554 102.054C237.444 102.032 237.333 102.01 237.222 101.988C235.198 101.6 231.528 101.193 229.678 102.831C228.214 104.128 226.911 106.144 225.139 111.753C224.799 112.83 223.668 113.441 222.586 113.129C222.586 113.129 219.83 112.638 220.605 110.348Z" fill="#366F90"/>
<path d="M248.64 95.4651C248.64 95.4651 247.857 91.6379 243.989 92.3165C242.121 92.6441 240.574 91.8457 237.783 98.8651C236.76 101.439 233.446 101.98 233.849 104.814C233.849 104.814 232.934 106.648 239.499 108.443C245.603 110.112 242.576 109.763 244.011 108.843C247.849 106.379 249.674 100.46 248.64 95.4651Z" fill="#764678"/>
<path d="M234.738 96.3778C234.738 96.3778 231.864 95.038 229.829 95.6313C228.886 95.9062 227.956 96.9223 228.566 96.8006C229.176 96.679 229.934 96.3587 229.934 96.3587C229.934 96.3587 228.345 97.0986 228.671 97.2927C228.998 97.4869 230.374 96.8339 230.374 96.8339C230.374 96.8339 228.55 97.8233 228.95 97.9182C229.35 98.0131 230.73 97.2544 230.73 97.2544C230.73 97.2544 229.071 98.2233 229.54 98.3245C230.01 98.4256 230.906 97.5175 231.233 97.7117C231.559 97.9059 232.325 98.8106 233.269 98.0716L234.738 96.3778Z" fill="#FFB27D"/>
<path d="M243.102 93.0413C243.08 93.0351 242.558 92.8846 242.401 92.4359C242.317 92.199 242.353 91.9247 242.507 91.6206C242.575 91.4852 242.638 91.3628 242.696 91.2505C243.097 90.4711 243.218 90.0481 243.109 89.4402L243.169 89.5889C243.282 90.2189 243.133 90.508 242.736 91.2803C242.678 91.3924 242.615 91.5147 242.547 91.65C242.402 91.9378 242.367 92.1947 242.444 92.4139C242.592 92.8362 243.108 92.9846 243.113 92.986L243.102 93.0413Z" fill="#EF8062"/>
<path d="M243.147 89.5945C243.147 89.5945 243.331 90.5698 242.799 91.5943C242.266 92.6189 242.855 93.3626 243.581 92.9659C244.306 92.5693 244.59 93.6849 245.517 93.0626C246.444 92.4403 243.147 89.5945 243.147 89.5945Z" fill="#EF8062"/>
<path d="M243.475 90.7517C243.475 90.7517 243.429 91.4393 244.463 91.6039C245.498 91.7686 244.054 92.8137 244.734 93.2166C245.688 93.7818 245.682 92.751 246.241 93.1755C247.395 94.0519 247.202 92.5477 248.531 92.8524C249.86 93.157 250.089 91.0217 249.168 89.7877C248.248 88.5538 248.602 85.2745 245.175 85.4372C241.748 85.6001 243.02 88.8861 243.02 88.8861C243.02 88.8861 243.483 91.8521 243.475 90.7517Z" fill="#EF8062"/>
<path d="M243.82 85.7522C243.82 85.7522 241.918 86.158 241.935 87.7228C241.943 88.4709 242.874 87.9776 243.56 89.5587C243.897 90.334 243.82 85.7522 243.82 85.7522Z" fill="#EF8062"/>
<path d="M229.536 116.586C229.536 116.586 236.519 117.595 242.372 117.061C248.226 116.527 256.315 116.232 254.841 107.249C253.368 98.2647 254.962 94.5105 249.181 92.3007C245.344 90.8338 239.622 90.5714 237.619 92.6092C236.148 94.105 235.175 93.7868 231.801 96.2477C225.956 100.511 217.096 112.742 229.536 116.586Z" fill="#CAD887"/>
<path d="M236.579 93.5352C236.549 93.5352 236.52 93.5187 236.505 93.49C236.485 93.4494 236.501 93.3997 236.542 93.3791C239.397 91.9296 240.974 92.9284 241.04 92.9718C241.078 92.9967 241.089 93.0478 241.064 93.0859C241.039 93.1238 240.988 93.1345 240.95 93.1099C240.935 93.1 239.38 92.1233 236.616 93.5264C236.604 93.5324 236.591 93.5352 236.579 93.5352Z" fill="#5E978D"/>
<path d="M248.448 105.471C248.412 105.471 248.379 105.448 248.369 105.412C248.356 105.369 248.38 105.323 248.424 105.31C253.924 103.665 253.834 98.9226 253.833 98.875C253.831 98.8294 253.867 98.7914 253.912 98.7898C253.913 98.7898 253.914 98.7898 253.915 98.7898C253.959 98.7898 253.996 98.825 253.997 98.8696C253.999 98.9185 254.091 103.787 248.471 105.468C248.463 105.47 248.455 105.471 248.448 105.471Z" fill="#5E978D"/>
<path d="M234.518 114.047C234.511 114.047 234.504 114.046 234.496 114.044C229.627 112.695 228.521 108.539 228.51 108.498C228.499 108.453 228.525 108.409 228.569 108.397C228.614 108.386 228.658 108.413 228.669 108.457C228.68 108.498 229.765 112.563 234.54 113.885C234.584 113.898 234.609 113.943 234.597 113.987C234.587 114.023 234.554 114.047 234.518 114.047Z" fill="#5E978D"/>
<path d="M231.21 112.369C231.182 112.369 231.156 112.355 231.14 112.33C229.751 110.12 232.248 107.881 232.273 107.858C232.307 107.829 232.359 107.831 232.389 107.866C232.419 107.9 232.416 107.952 232.382 107.982C232.358 108.004 229.965 110.151 231.279 112.242C231.303 112.281 231.292 112.332 231.253 112.356C231.24 112.365 231.225 112.369 231.21 112.369Z" fill="#5E978D"/>
<path d="M127.573 109.959C127.573 109.959 126.124 108.444 126.623 107.582C127.121 106.72 127.963 109.435 127.963 109.435C127.963 109.435 127.526 106.224 128.43 106.168C129.334 106.113 128.43 109.435 128.43 109.435C128.43 109.435 128.765 108.66 129.093 108.612C129.42 108.564 129.326 109.269 128.742 109.959H127.573Z" fill="#73B3CE"/>
<path d="M127.345 109.761C127.285 109.698 125.877 108.211 126.388 107.328C126.468 107.189 126.565 107.124 126.676 107.137C127.05 107.179 127.46 108.174 127.673 108.769C127.602 108.023 127.523 106.55 127.924 106.06C128.01 105.955 128.114 105.898 128.234 105.891C128.35 105.883 128.447 105.926 128.52 106.016C128.883 106.463 128.559 108.072 128.38 108.826C128.513 108.606 128.7 108.363 128.892 108.335C128.982 108.322 129.054 108.355 129.095 108.43C129.215 108.646 129.056 109.202 128.584 109.759L128.512 109.698C128.976 109.15 129.101 108.636 129.012 108.475C128.99 108.436 128.956 108.421 128.906 108.429C128.659 108.465 128.37 109.014 128.28 109.223L128.191 109.192C128.198 109.166 128.885 106.615 128.446 106.075C128.393 106.01 128.325 105.981 128.239 105.985C128.146 105.991 128.067 106.035 127.997 106.12C127.488 106.741 127.812 109.173 127.816 109.198L127.724 109.218C127.557 108.68 127.041 107.273 126.665 107.231C126.595 107.223 126.53 107.27 126.47 107.375C125.994 108.197 127.399 109.681 127.413 109.696L127.345 109.761Z" fill="#444092"/>
<path d="M73.6609 83.67L73.4756 83.5203C79.8881 75.568 85.487 67.3846 90.1165 59.1973C93.8201 52.6477 96.9151 46.0809 99.3158 39.6795C102.586 30.9585 103.856 24.2928 104.071 21.9866L104.308 22.0087C104.302 22.0755 103.639 28.8261 99.543 39.7519C97.1383 46.166 94.038 52.7453 90.3281 59.3071C85.6912 67.5083 80.0836 75.7052 73.6609 83.67Z" fill="#764678"/>
<path d="M259.89 90.7909C256.47 88.817 252.217 84.022 247.25 76.539C243.282 70.5613 238.85 62.8614 234.076 53.6532C227.303 40.5905 221.739 28.1257 220.036 24.2478C220.866 27.6631 223.307 37.3243 226.788 47.8675C229.325 55.5498 231.91 62.1897 234.47 67.6029C237.667 74.3609 240.834 79.2118 243.882 82.0206L243.72 82.196C240.65 79.3661 237.465 74.4904 234.255 67.7041C231.69 62.2818 229.102 55.6324 226.562 47.9406C222.238 34.8469 219.519 23.1123 219.492 22.9953L219.717 22.9214C219.781 23.0691 226.164 37.8763 234.287 53.5445C239.058 62.7449 243.486 70.4371 247.449 76.4075C252.395 83.8593 256.621 88.6291 260.009 90.5843L259.89 90.7909Z" fill="#764678"/>
<path d="M259.838 92.1076C259.71 92.0918 259.618 91.9747 259.634 91.8461L259.873 89.9012C259.888 89.7725 260.005 89.681 260.134 89.6969C260.262 89.7127 260.354 89.8298 260.338 89.9583L260.099 91.9033C260.084 92.032 259.967 92.1235 259.838 92.1076Z" fill="#764678"/>
<path d="M243.654 83.2026C243.526 83.1868 243.434 83.0697 243.45 82.9411L243.688 80.9962C243.704 80.8675 243.821 80.776 243.95 80.7918C244.078 80.8077 244.17 80.9248 244.154 81.0533L243.915 82.9983C243.9 83.1269 243.783 83.2184 243.654 83.2026Z" fill="#764678"/>
<path d="M236.246 56.9559C236.202 56.8818 236.096 56.884 236.055 56.9598C235.67 57.6822 234.238 60.4449 234.787 60.5895C235.417 60.756 237.722 59.7529 237.721 59.4837C237.721 59.3874 236.583 57.5322 236.246 56.9559Z" fill="#EF8062"/>
<path d="M248.664 77.9271C248.614 77.857 248.508 77.8682 248.474 77.9472C248.152 78.7 246.961 81.5752 247.519 81.6723C248.162 81.7842 250.372 80.5875 250.348 80.3193C250.34 80.2234 249.048 78.4723 248.664 77.9271Z" fill="#EF8062"/>
<path d="M226.092 36.6656C226.067 36.6116 225.992 36.6068 225.96 36.657C225.651 37.1353 224.496 38.967 224.868 39.0996C225.296 39.2521 226.952 38.6921 226.968 38.5053C226.973 38.4384 226.292 37.085 226.092 36.6656Z" fill="#EF8062"/>
<path d="M230.448 45.8121C230.41 45.7352 230.303 45.73 230.258 45.8029C229.824 46.4972 228.208 49.1554 228.745 49.3372C229.363 49.5466 231.73 48.7039 231.748 48.4351C231.754 48.339 230.745 46.4102 230.448 45.8121Z" fill="#ACC9C5"/>
<path d="M241.545 66.5252C241.492 66.4371 241.365 66.441 241.317 66.5321C240.865 67.401 239.187 70.7229 239.845 70.8891C240.601 71.0803 243.345 69.852 243.34 69.53C243.339 69.4149 241.955 67.2103 241.545 66.5252Z" fill="#ACC9C5"/>
<path d="M93.7513 52.1408C93.7911 52.0647 93.898 52.0619 93.9419 52.1358C94.36 52.8395 95.9176 55.5328 95.3769 55.7027C94.7545 55.8983 92.4061 55.0034 92.3945 54.7344C92.3905 54.6382 93.4413 52.7321 93.7513 52.1408Z" fill="#EF8062"/>
<path d="M101.608 32.3505C101.641 32.2612 101.758 32.2428 101.816 32.3175C102.377 33.0301 104.474 35.763 103.905 36.0278C103.249 36.3325 100.541 35.6888 100.49 35.395C100.472 35.29 101.352 33.0448 101.608 32.3505Z" fill="#EF8062"/>
<path d="M81.3315 72.8368C81.3952 72.7502 81.5281 72.7669 81.5685 72.8666C81.9539 73.817 83.3769 77.4461 82.6753 77.5543C81.8679 77.6789 79.1281 76.1271 79.1644 75.7917C79.1774 75.672 80.8364 73.5105 81.3315 72.8368Z" fill="#EF8062"/>
<path d="M98.9496 40.4077C98.9828 40.3284 99.0891 40.3164 99.1391 40.3862C99.6159 41.0514 101.399 43.6001 100.875 43.8161C100.271 44.0647 97.855 43.3757 97.8204 43.1087C97.8081 43.0132 98.6914 41.0235 98.9496 40.4077Z" fill="#ACC9C5"/>
<path d="M88.4948 61.6232C88.5521 61.5276 88.6909 61.5318 88.7424 61.6308C89.2329 62.5744 91.0555 66.1823 90.3418 66.3628C89.5202 66.5705 86.5402 65.2365 86.5449 64.8867C86.5466 64.7617 88.0492 62.3673 88.4948 61.6232Z" fill="#ACC9C5"/>
<path d="M104.481 86.0634L95.7208 86.8082C95.1206 86.8592 94.6092 86.3763 94.6238 85.7725L94.9046 74.1893C94.9173 73.6633 95.3288 73.2344 95.8524 73.2012L103.463 72.7198C104.016 72.6849 104.493 73.1014 104.536 73.6547L105.405 84.9744C105.447 85.5301 105.035 86.0163 104.481 86.0634Z" fill="#764678"/>
<path d="M97.7378 76.3094C97.7378 74.7697 98.3878 74.0299 100.111 73.8572C101.365 73.7314 102.482 75.101 102.482 76.3649C102.482 77.6288 101.929 78.5011 100.111 78.4345C98.8512 78.3883 97.7378 77.9047 97.7378 76.3094Z" fill="#331832"/>
<path d="M98.0591 76.2866C98.0591 74.9534 98.622 74.3128 100.114 74.1632C101.2 74.0543 102.167 75.2402 102.167 76.3347C102.167 77.4292 101.688 78.1844 100.114 78.1267C99.0232 78.0867 98.0591 77.6678 98.0591 76.2866Z" fill="#5E8C84"/>
<path d="M97.0869 82.2046C97.0869 80.0945 97.9779 79.0806 100.339 78.8438C102.058 78.6714 103.589 80.5484 103.589 82.2806C103.589 84.0129 102.83 85.2082 100.339 85.117C98.6128 85.0538 97.0869 84.3908 97.0869 82.2046Z" fill="#331832"/>
<path d="M97.5259 82.1743C97.5259 80.3471 98.2973 79.4692 100.342 79.2642C101.83 79.1149 103.156 80.7401 103.156 82.2401C103.156 83.7401 102.499 84.7751 100.342 84.696C98.8471 84.6413 97.5259 84.0673 97.5259 82.1743Z" fill="#5E8C84"/>
<path d="M221.269 85.1327L230.029 85.8776C230.63 85.9286 231.141 85.4457 231.126 84.8418L230.846 73.2587C230.833 72.7327 230.421 72.3038 229.898 72.2706L222.287 71.7892C221.735 71.7542 221.257 72.1707 221.214 72.724L220.346 84.0438C220.303 84.5995 220.715 85.0856 221.269 85.1327Z" fill="#764678"/>
<path d="M228.009 75.3788C228.009 73.8391 227.359 73.0993 225.636 72.9265C224.382 72.8008 223.265 74.1703 223.265 75.4342C223.265 76.6982 223.818 77.5704 225.636 77.5038C226.895 77.4576 228.009 76.9739 228.009 75.3788Z" fill="#331832"/>
<path d="M227.692 75.3559C227.692 74.0227 227.129 73.3821 225.637 73.2326C224.551 73.1237 223.584 74.3095 223.584 75.4039C223.584 76.4984 224.063 77.2536 225.637 77.196C226.728 77.156 227.692 76.7372 227.692 75.3559Z" fill="#5E8C84"/>
<path d="M228.661 81.274C228.661 79.1638 227.77 78.1499 225.409 77.9131C223.691 77.7408 222.16 79.6177 222.16 81.3499C222.16 83.0821 222.918 84.2776 225.409 84.1863C227.135 84.123 228.661 83.4602 228.661 81.274Z" fill="#331832"/>
<path d="M228.225 81.2436C228.225 79.4164 227.453 78.5385 225.409 78.3335C223.92 78.1843 222.595 79.8096 222.595 81.3094C222.595 82.8094 223.251 83.8444 225.409 83.7653C226.903 83.7106 228.225 83.1366 228.225 81.2436Z" fill="#5E8C84"/>
<path d="M103.779 94.7379C103.779 94.7379 94.0079 98.9639 90.9541 99.8258C84.736 101.581 81.9183 105.112 75.4657 106.37C71.6699 107.11 69.2406 110.515 64.7203 111.115C62.7774 111.373 59.1388 113.778 60.089 113.799C63.9929 113.886 69.4779 114.115 71.4465 114.715C76.0333 116.114 83.5596 114.586 90.0842 115.874C93.2453 116.498 100.449 116.836 104.244 116.754C109.668 116.638 115.858 117.255 118.561 117.563C119.434 117.663 120.297 117.316 120.861 116.639C121.884 115.41 123.466 113.477 123.994 112.658C127.812 106.732 131.733 103.91 133.168 101.166C134.245 99.1042 135.821 97.2686 136.915 96.1241C137.383 95.6356 137.062 94.8223 136.388 94.7849C132.718 94.5811 124.225 94.2134 118.839 94.8063C114.71 95.2607 103.779 94.7379 103.779 94.7379Z" fill="#EF8062"/>
<path d="M64.3672 114.045L64.252 113.836C64.3246 113.796 71.577 109.801 77.2798 108.501C79.9947 107.882 82.2848 106.611 84.7094 105.266C87.4331 103.754 90.2494 102.192 94.0128 101.317C101.045 99.6818 108.473 94.862 108.547 94.8135L108.677 95.0132C108.603 95.0618 101.14 99.9043 94.0668 101.549C90.3358 102.416 87.5342 103.971 84.8249 105.474C82.3851 106.828 80.0805 108.107 77.3327 108.733C71.6632 110.026 64.4396 114.005 64.3672 114.045Z" fill="#DAEBE8"/>
<path d="M73.3202 115.195L73.1641 115.015C73.2049 114.979 77.3422 111.431 84.5919 109.684C88.543 108.732 90.904 107.31 93.4034 105.803C95.601 104.479 97.8734 103.109 101.479 101.792C109.239 98.9561 114.286 94.9365 114.336 94.8962L114.485 95.082C114.435 95.1226 109.36 99.1657 101.56 102.016C97.9765 103.325 95.7141 104.689 93.5262 106.007C91.0106 107.524 88.6343 108.955 84.6476 109.916C77.4538 111.65 73.3607 115.159 73.3202 115.195Z" fill="#DAEBE8"/>
<path d="M88.1267 115.651L87.9722 115.47C88.0316 115.419 94.0066 110.362 101.948 107.324C106.968 105.404 109.048 103.811 111.06 102.271C112.255 101.356 113.384 100.491 115.068 99.6038C119.514 97.2602 123.333 94.4532 123.371 94.425L123.512 94.617C123.474 94.6452 119.64 97.4629 115.178 99.8147C113.513 100.693 112.392 101.551 111.205 102.46C109.179 104.011 107.085 105.615 102.033 107.547C94.1313 110.57 88.1858 115.601 88.1267 115.651Z" fill="#DAEBE8"/>
<path d="M101.098 116.825L100.928 116.658C100.956 116.63 103.76 113.818 109.581 110.039C112.819 107.936 115.14 105.793 117.187 103.902C118.817 102.397 120.224 101.097 121.682 100.227C124.864 98.3301 128.475 94.4595 128.511 94.4207L128.686 94.583C128.649 94.6221 125.015 98.5173 121.804 100.432C120.367 101.289 118.969 102.581 117.349 104.077C115.294 105.974 112.965 108.125 109.71 110.239C103.914 114.002 101.125 116.798 101.098 116.825Z" fill="#DAEBE8"/>
<path d="M111.03 116.985L110.852 116.826C110.91 116.761 116.721 110.24 121.088 106.916C123.405 105.153 125.64 102.549 127.801 100.031C129.702 97.8162 131.497 95.7247 133.099 94.5354L133.241 94.7269C131.66 95.9003 129.873 97.9821 127.982 100.186C125.812 102.714 123.569 105.328 121.232 107.106C116.883 110.416 111.088 116.919 111.03 116.985Z" fill="#DAEBE8"/>
<path d="M87.7065 87.9005L88.0955 86.1801L88.2087 85.6792L88.8743 82.7341L89.1989 85.5889L89.3935 87.3025L89.4551 87.8449C89.4969 88.213 89.5939 88.7342 89.8865 89.0348C90.005 89.1565 90.8904 89.4318 90.1245 89.848C89.1703 90.3665 87.2768 89.8343 86.5112 89.0073C86.5166 89.0056 87.5808 88.4565 87.7065 87.9005Z" fill="#FFB27D"/>
<path d="M89.3979 86.8538C90.766 86.5927 91.6163 85.0216 91.297 83.3445C90.9778 81.6675 89.6099 80.5195 88.2418 80.7806C86.8737 81.0416 86.0234 82.6127 86.3427 84.2898C86.6619 85.9668 88.0298 87.1148 89.3979 86.8538Z" fill="#FFB27D"/>
<path d="M90.1578 82.6379C91.5988 82.584 92.2341 81.6873 92.1935 80.9046C92.1414 79.901 91.4566 79.0604 90.7622 79.4874C90.0676 79.9146 90.3107 78.9777 89.6096 78.9333C88.2994 78.8503 88.1246 79.8078 87.0665 79.9338C85.6708 80.1001 84.2482 82.5956 85.5482 84.2399C85.5482 84.2399 89.0199 82.6806 90.1578 82.6379Z" fill="#EF8062"/>
<path d="M91.3662 81.5303C91.3662 81.5303 89.9409 83.1513 90.2053 83.9827C90.4697 84.8141 90.4426 85.1496 89.579 85.669C88.7152 86.1886 89.5607 86.862 88.3697 87.0055C87.1786 87.149 85.6094 85.8224 85.437 83.4593C85.3409 82.1419 86.0213 81.2236 86.0213 81.2236L91.3662 81.5303Z" fill="#EF8062"/>
<path d="M90.9759 83.8862C90.7835 83.6481 90.4581 83.5969 90.2491 83.7719C90.04 83.9469 90.0265 84.2817 90.2189 84.5198C90.4113 84.7579 90.7366 84.8091 90.9457 84.6341C91.1547 84.4591 91.1682 84.1243 90.9759 83.8862Z" fill="#FFB27D"/>
<path d="M85.8519 83.9031C85.8476 83.9031 85.8432 83.9023 85.8389 83.9008C85.8196 83.8936 85.8096 83.872 85.8168 83.8526C85.9411 83.5149 86.2813 83.3685 86.2958 83.3624C86.3149 83.3542 86.3367 83.3633 86.3448 83.3823C86.3528 83.4015 86.3439 83.4234 86.3248 83.4314C86.3216 83.4328 85.9998 83.572 85.887 83.8785C85.8815 83.8937 85.8672 83.9031 85.8519 83.9031Z" fill="#331832"/>
<path d="M86.3363 83.2526C86.3338 83.2526 86.3313 83.2522 86.3287 83.2517C86.3243 83.2508 85.887 83.1558 85.8711 82.7854C85.8703 82.7647 85.8863 82.7473 85.907 82.7463C85.9278 82.7467 85.9451 82.7614 85.946 82.7822C85.9593 83.094 86.3283 83.1752 86.3441 83.1784C86.3643 83.1827 86.3772 83.2026 86.373 83.2227C86.3692 83.2403 86.3538 83.2526 86.3363 83.2526Z" fill="#331832"/>
<path d="M90.6204 84.7667C90.4957 84.7667 90.3026 84.7121 90.1368 84.4298C90.1317 84.4212 90.1346 84.4102 90.1432 84.4051C90.1517 84.4001 90.1627 84.4028 90.1679 84.4115C90.4206 84.8417 90.7239 84.7173 90.7367 84.7117C90.7457 84.7076 90.7564 84.712 90.7604 84.7211C90.7644 84.7303 90.7602 84.7408 90.751 84.7448C90.7496 84.7454 90.6983 84.7667 90.6204 84.7667Z" fill="#331832"/>
<path d="M99.2732 106.45C99.2732 106.45 99.2375 107.666 100.039 108.054C100.84 108.441 103.198 108.881 102.268 109.613C101.734 110.034 99.35 109.613 98.6725 109.576C97.9948 109.539 97.3425 109.8 96.8638 109.317C96.337 108.787 97.0266 106.327 97.0266 106.327C97.0266 106.327 97.5947 106.664 98.1213 106.679C98.8801 106.701 99.2732 106.45 99.2732 106.45Z" fill="#331832"/>
<path d="M90.583 98.971C90.583 98.971 94.4951 92.995 98.4034 94.2298C103.725 95.9112 102.683 105.034 100.127 106.975C99.5385 107.422 97.3694 107.625 96.8413 107.107C96.298 106.574 96.1736 104.472 96.1736 104.472C96.1736 104.472 95.2524 108.768 92.5964 109.474C91.9449 109.648 92.0134 106.914 92.0134 106.914L90.583 98.971Z" fill="#366F90"/>
<path d="M94.5931 108.016C93.8059 109.316 91.4563 110.619 87.1013 110.362C85.1396 110.247 82.574 109.461 81.8187 108.08C81.0634 106.7 81.5078 103.935 81.5078 103.935L95.0706 103.824C95.0706 103.824 95.0995 107.18 94.5931 108.016Z" fill="#366F90"/>
<path d="M81.2464 93.6954C81.2464 93.6954 82.7431 88.596 88.0794 88.5657C93.9412 88.5324 94.0791 92.0319 94.7331 98.8478C95.183 103.536 91.4575 107.574 86.7624 107.474C85.1281 107.44 83.0225 107.229 81.0825 106.816C80.7344 106.742 80.4806 106.441 80.4681 106.084C80.4018 104.19 80.2856 98.1855 81.2464 93.6954Z" fill="#764678"/>
<path d="M96.2522 104.487L96.1012 104.456C96.5914 102.056 96.4639 101.341 96.0562 100.28L96.1999 100.225C96.6095 101.29 96.7483 102.058 96.2522 104.487Z" fill="#331832"/>
<path d="M94.0388 89.6169C94.0388 89.6169 101.824 93.75 102.925 95.3862C103.937 96.8888 103.431 98.4234 101.948 98.4233C99.062 98.4232 91.7162 95.2143 91.7545 93.7388C91.7929 92.2632 94.0388 89.6169 94.0388 89.6169Z" fill="#FFB27D"/>
<path d="M81.249 93.6965C81.249 93.6965 82.951 95.589 86.229 95.8028C89.1702 95.9948 89.4706 96.5611 91.961 96.3173C95.4969 95.9711 97.2754 91.3097 97.2754 91.3097C97.2754 91.3097 93.1579 88.0856 87.2875 88.3225C81.5838 88.5527 81.249 93.6965 81.249 93.6965Z" fill="#764678"/>
<path d="M116.645 108.894C116.645 108.894 116.614 110.064 117.304 110.437C117.993 110.809 120.022 111.232 119.222 111.936C118.763 112.34 116.711 111.935 116.128 111.9C115.545 111.864 114.984 112.115 114.572 111.651C114.118 111.141 114.712 108.776 114.712 108.776C114.712 108.776 115.2 109.1 115.654 109.115C116.307 109.136 116.645 108.894 116.645 108.894Z" fill="#331832"/>
<path d="M106.265 91.9059C106.765 91.7531 106.851 91.4957 106.982 90.9988L107.392 89.4418L107.512 88.9898L108.212 86.3328L108.42 88.9033L108.545 90.4463L108.58 90.8861C108.609 91.2449 108.857 91.6245 109.298 91.7381C109.298 91.7381 109.191 92.7191 107.874 92.7333C106.891 92.744 106.262 91.9067 106.265 91.9059Z" fill="#FFB27D"/>
<path d="M109.167 101.703C109.167 101.703 112.534 95.9567 115.897 97.144C120.477 98.7606 119.58 107.532 117.381 109.398C116.874 109.828 115.008 110.023 114.553 109.525C114.085 109.013 113.978 106.992 113.978 106.992C113.978 106.992 113.186 111.122 110.9 111.801C110.339 111.968 110.398 109.34 110.398 109.34L109.167 101.703Z" fill="#764678"/>
<path d="M112.616 110.4C111.938 111.649 109.916 112.902 106.168 112.655C104.48 112.544 102.272 111.788 101.622 110.461C100.973 109.134 101.355 106.476 101.355 106.476L113.026 106.369C113.026 106.369 113.051 109.596 112.616 110.4Z" fill="#764678"/>
<path d="M101.13 96.6316C101.13 96.6316 102.418 91.7285 107.011 91.6994C112.055 91.6675 112.174 95.0322 112.736 101.585C113.123 106.093 109.918 109.976 105.877 109.88C104.471 109.846 102.659 109.644 100.989 109.247C100.69 109.176 100.471 108.886 100.461 108.543C100.404 106.722 100.304 100.949 101.13 96.6316Z" fill="#CAD887"/>
<path d="M114.048 107.005L113.91 106.98C114.332 104.67 114.222 103.981 113.871 102.959L114.003 102.913C114.355 103.936 114.474 104.673 114.048 107.005Z" fill="#331832"/>
<path d="M112.14 92.71C112.14 92.71 118.507 96.4096 119.22 98.131C119.819 99.5768 119.187 100.636 117.911 100.636C115.427 100.636 110.141 98.0917 110.174 96.673C110.207 95.2542 112.14 92.71 112.14 92.71Z" fill="#FFB27D"/>
<path d="M101.131 96.6312C101.131 96.6312 102.596 98.4507 105.416 98.6564C107.947 98.8409 108.206 99.3855 110.349 99.151C113.392 98.8181 114.922 94.3363 114.922 94.3363C114.922 94.3363 111.379 91.2364 106.327 91.4641C101.419 91.6854 101.131 96.6312 101.131 96.6312Z" fill="#CAD887"/>
<path d="M108.107 90.085C109.443 90.085 110.526 88.8951 110.526 87.4273C110.526 85.9594 109.443 84.7695 108.107 84.7695C106.771 84.7695 105.688 85.9594 105.688 87.4273C105.688 88.8951 106.771 90.085 108.107 90.085Z" fill="#FFB27D"/>
<path d="M101.132 94.8726C101.126 94.8726 101.12 94.8719 101.114 94.8705C100.773 94.7888 100.193 94.1564 100.024 93.3119C99.8945 92.6673 99.9739 91.7281 101.086 90.9155C102.79 89.6699 103.016 88.597 103.391 86.8196C103.467 86.4571 103.554 86.046 103.66 85.6054C103.91 84.5654 104.388 83.8396 105.082 83.4483C106.073 82.8894 107.132 83.2178 107.177 83.2319C107.218 83.2451 107.241 83.2894 107.228 83.3309C107.215 83.3724 107.171 83.3952 107.129 83.3822C107.119 83.379 106.088 83.0611 105.158 83.5865C104.504 83.9557 104.052 84.6474 103.813 85.6422C103.708 86.0807 103.625 86.4729 103.545 86.8521C103.162 88.6665 102.931 89.7616 101.178 91.0428C100.134 91.8063 100.058 92.6813 100.178 93.2809C100.331 94.0408 100.864 94.6486 101.15 94.717C101.193 94.7272 101.219 94.7697 101.209 94.8121C101.2 94.8482 101.168 94.8726 101.132 94.8726Z" fill="#331832"/>
<path d="M109.041 87.1846C109.041 87.1846 110.682 87.6137 110.809 85.6501C110.92 83.9271 109.472 83.2731 108.911 83.0927C108.564 82.9813 108.18 82.8523 107.825 82.8844C107.446 82.9186 107.268 83.1801 106.935 83.2943C106.78 83.3474 106.545 83.1311 106.179 83.3065C105.273 83.7407 104.534 84.6789 104.288 85.5065C103.9 86.8081 104.801 87.7906 105.041 88.5277C105.326 89.4046 106.164 90.0937 107.248 90.0757C108.331 90.0577 109.041 87.1846 109.041 87.1846Z" fill="#331832"/>
<path d="M108.723 87.8607C109.041 88.0941 109.426 88.0502 109.584 87.7626C109.742 87.475 109.612 87.0527 109.294 86.8193C108.976 86.586 108.591 86.6299 108.433 86.9175C108.275 87.2051 108.405 87.6273 108.723 87.8607Z" fill="#FFB27D"/>
<path d="M104.288 85.5065C104.288 85.5065 103.235 89.8828 101.343 91.888C99.4515 93.8933 100.87 95.4997 103.182 95.0016C105.493 94.5035 106.768 95.9421 107.782 94.8959C108.797 93.8497 109.964 95.4626 110.815 94.3292C110.815 94.3292 111.933 93.3385 110.815 92.1118C109.697 90.8849 108.057 88.7447 109.899 87.1459L108.855 85.2756L104.288 85.5065Z" fill="#331832"/>
<path d="M218.329 82.2435L218.111 81.2804L218.048 80.9999L217.675 79.3511L217.493 80.9494L217.384 81.9088L217.35 82.2124C217.326 82.4185 217.272 82.7103 217.108 82.8786C217.042 82.9467 216.546 83.1009 216.975 83.3339C217.509 83.6242 218.569 83.3263 218.998 82.8632C218.995 82.8623 218.399 82.5549 218.329 82.2435Z" fill="#FFB27D"/>
<path d="M216.326 79.6653C216.517 78.7289 217.291 78.1005 218.054 78.2618C218.817 78.4232 219.28 79.3131 219.089 80.2496C218.898 81.186 218.125 81.8144 217.362 81.6531C216.599 81.4918 216.135 80.6019 216.326 79.6653Z" fill="#FFB27D"/>
<path d="M216.959 79.2963C216.152 79.2661 215.797 78.764 215.819 78.326C215.849 77.7641 216.064 77.674 216.516 77.7376C217.081 77.8171 216.995 77.4045 217.388 77.3797C218.122 77.3332 218.097 77.7119 218.69 77.7825C219.471 77.8756 220.268 79.2728 219.54 80.1934C219.54 80.1934 217.596 79.3202 216.959 79.2963Z" fill="#331832"/>
<path d="M216.283 78.6764C216.283 78.6764 217.081 79.5839 216.933 80.0494C216.785 80.5148 216.8 80.7027 217.284 80.9935C217.767 81.2844 217.294 81.6615 217.961 81.7418C218.628 81.822 219.506 81.0794 219.603 79.7564C219.657 79.0188 219.276 78.5046 219.276 78.5046L216.283 78.6764Z" fill="#331832"/>
<path d="M216.5 79.9952C216.608 79.8619 216.79 79.8333 216.907 79.9313C217.024 80.0292 217.032 80.2167 216.924 80.35C216.816 80.4833 216.634 80.512 216.517 80.414C216.4 80.3159 216.393 80.1284 216.5 79.9952Z" fill="#FFB27D"/>
<path d="M219.371 80.0048C219.362 80.0048 219.354 79.9995 219.351 79.9911C219.288 79.8195 219.108 79.7415 219.106 79.7408C219.095 79.7362 219.09 79.7239 219.095 79.7133C219.099 79.7025 219.112 79.6976 219.122 79.7021C219.13 79.7055 219.321 79.7876 219.391 79.9766C219.395 79.9875 219.389 79.9995 219.378 80.0035C219.376 80.0044 219.373 80.0048 219.371 80.0048Z" fill="#331832"/>
<path d="M219.098 79.6405C219.088 79.6405 219.08 79.6336 219.078 79.6237C219.075 79.6125 219.083 79.6013 219.094 79.599C219.103 79.5971 219.309 79.5517 219.317 79.3771C219.317 79.3659 219.326 79.3569 219.338 79.3569C219.338 79.3569 219.338 79.357 219.338 79.357C219.35 79.3575 219.359 79.3673 219.359 79.3789C219.35 79.5862 219.105 79.6394 219.102 79.64C219.101 79.6403 219.099 79.6405 219.098 79.6405Z" fill="#331832"/>
<path d="M216.699 80.4888C216.656 80.4888 216.627 80.4768 216.626 80.4766C216.621 80.4744 216.619 80.4684 216.621 80.4633C216.623 80.4582 216.629 80.4561 216.634 80.458C216.641 80.4611 216.811 80.5306 216.953 80.2899C216.955 80.2851 216.962 80.2835 216.966 80.2862C216.971 80.2891 216.973 80.2953 216.97 80.3C216.877 80.4581 216.769 80.4888 216.699 80.4888Z" fill="#331832"/>
<path d="M211.854 92.6284C211.854 92.6284 211.874 93.3096 211.426 93.5265C210.977 93.7435 209.657 93.9894 210.178 94.3995C210.476 94.6348 211.811 94.3992 212.191 94.3785C212.57 94.3577 212.935 94.504 213.203 94.234C213.498 93.9369 213.112 92.5596 213.112 92.5596C213.112 92.5596 212.794 92.7485 212.499 92.757C212.074 92.7691 211.854 92.6284 211.854 92.6284Z" fill="#331832"/>
<path d="M216.72 88.4404C216.72 88.4404 214.529 85.0946 212.341 85.786C209.362 86.7273 209.945 91.8346 211.376 92.9215C211.706 93.1719 212.92 93.2853 213.216 92.9953C213.52 92.697 213.59 91.5202 213.59 91.5202C213.59 91.5202 214.105 93.9254 215.592 94.3209C215.957 94.418 215.919 92.8874 215.919 92.8874L216.72 88.4404Z" fill="#366F90"/>
<path d="M214.476 93.5047C214.917 94.2324 216.232 94.9616 218.67 94.818C219.769 94.7533 221.205 94.3133 221.628 93.5405C222.051 92.7676 221.802 91.22 221.802 91.22L214.209 91.1575C214.209 91.1575 214.193 93.0367 214.476 93.5047Z" fill="#366F90"/>
<path d="M221.948 85.4876C221.948 85.4876 221.11 82.6326 218.123 82.6156C214.841 82.597 214.764 84.5563 214.398 88.3722C214.146 90.9969 216.231 93.2578 218.86 93.202C219.775 93.1825 220.954 93.0647 222.04 92.8335C222.235 92.7921 222.377 92.6235 222.384 92.4238C222.421 91.363 222.486 88.0014 221.948 85.4876Z" fill="#549AB7"/>
<path d="M213.548 91.5286C213.27 90.1692 213.348 89.7392 213.577 89.1426L213.657 89.1735C213.429 89.7675 213.358 90.168 213.632 91.5113L213.548 91.5286Z" fill="#331832"/>
<path d="M214.787 83.2043C214.787 83.2043 210.428 85.5184 209.812 86.4344C209.246 87.2756 209.529 88.1348 210.359 88.1348C211.975 88.1347 216.088 86.3382 216.066 85.512C216.045 84.6858 214.787 83.2043 214.787 83.2043Z" fill="#FFB27D"/>
<path d="M221.948 85.4879C221.948 85.4879 220.995 86.5473 219.16 86.6671C217.513 86.7746 217.345 87.0917 215.95 86.9552C213.971 86.7614 212.975 84.1516 212.975 84.1516C212.975 84.1516 215.28 82.3466 218.567 82.4791C221.76 82.608 221.948 85.4879 221.948 85.4879Z" fill="#549AB7"/>
<path d="M197.742 93.7112C197.742 93.7112 195.287 93.7733 194.939 93.5057C194.486 93.1567 193.75 92.4904 193.646 92.8334C193.544 93.1706 194.246 93.9656 194.355 94.2728C194.463 94.5799 194.523 94.8483 194.845 94.9907C195.2 95.1473 196.817 94.6758 196.817 94.6758C196.817 94.6758 198.015 94.542 197.938 94.3011C197.827 93.9539 197.742 93.7112 197.742 93.7112Z" fill="#331832"/>
<path d="M207.963 91.3002C203.653 91.6383 199.303 92.0835 197.217 92.305C196.471 92.3843 195.898 92.8787 195.83 93.5029L195.793 93.8383C195.719 94.5131 196.369 95.1051 197.184 95.1063L207.549 95.1221C207.549 95.1221 213.934 90.8317 207.963 91.3002Z" fill="#5A335D"/>
<path d="M201.539 94.505C201.539 94.505 201.557 95.1991 201.148 95.4202C200.739 95.6413 199.535 95.8919 200.01 96.3097C200.282 96.5495 201.499 96.3094 201.845 96.2882C202.191 96.2671 202.524 96.4161 202.769 96.1409C203.038 95.8381 202.686 94.4348 202.686 94.4348C202.686 94.4348 202.396 94.6273 202.127 94.6359C201.739 94.6483 201.539 94.505 201.539 94.505Z" fill="#331832"/>
<path d="M208.53 83.979C208.233 83.8884 208.182 83.7357 208.104 83.4408L207.86 82.517L207.79 82.2489L207.374 80.6724L207.251 82.1975L207.177 83.113L207.156 83.3739C207.138 83.5868 206.991 83.8121 206.729 83.8794C206.729 83.8794 206.793 84.4614 207.575 84.4698C208.158 84.4763 208.531 83.9796 208.53 83.979Z" fill="#FFB27D"/>
<path d="M206.807 89.7913C206.807 89.7913 204.81 86.3822 202.814 87.0866C200.097 88.0458 199.966 94.2193 201.271 95.3267C201.571 95.5818 202.882 95.6107 203.152 95.3153C203.429 95.0114 203.884 92.6586 203.884 92.6586C203.884 92.6586 204.423 95.3801 205.779 95.7832C206.112 95.8821 206.077 94.3225 206.077 94.3225L206.807 89.7913Z" fill="#764678"/>
<path d="M204.761 94.9518C205.163 95.6932 206.362 96.4363 208.586 96.2901C209.587 96.2241 210.897 95.7758 211.283 94.9883C211.668 94.2008 211.442 92.6238 211.442 92.6238L204.517 92.5601C204.517 92.5601 204.502 94.475 204.761 94.9518Z" fill="#764678"/>
<path d="M211.576 86.7831C211.576 86.7831 210.812 83.8741 208.087 83.8568C205.094 83.8379 205.024 85.8342 204.69 89.7224C204.46 92.3968 206.362 94.7005 208.759 94.6435C209.594 94.6237 210.669 94.5037 211.659 94.2681C211.837 94.2259 211.967 94.0541 211.973 93.8506C212.007 92.7699 212.066 89.3446 211.576 86.7831Z" fill="#6DA49A"/>
<path d="M203.842 92.6666C203.604 91.3672 203.598 90.5721 203.822 89.9224L203.9 89.9495C203.682 90.5845 203.689 91.3675 203.923 92.6517L203.842 92.6666Z" fill="#331832"/>
<path d="M205.044 84.4556C205.044 84.4556 201.266 86.6506 200.843 87.6719C200.488 88.5297 200.863 89.1582 201.62 89.1582C203.094 89.1581 206.23 87.6486 206.21 86.8069C206.191 85.9652 205.044 84.4556 205.044 84.4556Z" fill="#FFB27D"/>
<path d="M211.575 86.7826C211.575 86.7826 210.706 87.8621 209.032 87.9841C207.53 88.0937 207.377 88.4167 206.106 88.2776C204.3 88.0802 203.392 85.421 203.392 85.421C203.392 85.421 205.494 83.5817 208.492 83.7168C211.404 83.8483 211.575 86.7826 211.575 86.7826Z" fill="#6DA49A"/>
<path d="M207.435 82.8991C208.228 82.8991 208.87 82.1931 208.87 81.3223C208.87 80.4514 208.228 79.7454 207.435 79.7454C206.643 79.7454 206 80.4514 206 81.3223C206 82.1931 206.643 82.8991 207.435 82.8991Z" fill="#FFB27D"/>
<path d="M211.573 85.7393C211.552 85.7393 211.533 85.7249 211.528 85.7033C211.522 85.6782 211.537 85.653 211.562 85.6469C211.732 85.6063 212.049 85.2455 212.139 84.7943C212.21 84.4388 212.165 83.92 211.546 83.4673C210.506 82.7071 210.369 82.0572 210.142 80.9808C210.094 80.7558 210.045 80.5231 209.982 80.2629C209.841 79.6731 209.573 79.2629 209.185 79.0438C208.633 78.7313 208.021 78.9201 208.015 78.9219C207.99 78.9298 207.964 78.9161 207.956 78.8915C207.948 78.8668 207.962 78.8405 207.987 78.8327C208.013 78.8243 208.642 78.6294 209.23 78.9616C209.642 79.194 209.925 79.6245 210.073 80.241C210.136 80.5024 210.188 80.7462 210.233 80.9614C210.455 82.016 210.589 82.6526 211.601 83.3916C212.26 83.8735 212.307 84.4305 212.231 84.8128C212.13 85.3143 211.786 85.6897 211.584 85.7381C211.58 85.7389 211.577 85.7393 211.573 85.7393Z" fill="#EF8062"/>
<path d="M206.885 81.1783C206.885 81.1783 205.911 81.4329 205.836 80.2679C205.77 79.2457 206.629 78.8576 206.962 78.7506C207.168 78.6845 207.396 78.608 207.607 78.627C207.831 78.6473 207.937 78.8024 208.134 78.8702C208.226 78.9018 208.366 78.7733 208.583 78.8775C209.12 79.135 209.559 79.6917 209.705 80.1828C209.935 80.9551 209.401 81.538 209.258 81.9753C209.089 82.4955 208.592 82.9044 207.949 82.8937C207.306 82.8829 206.885 81.1783 206.885 81.1783Z" fill="#EF8062"/>
<path d="M207.07 81.5786C206.881 81.717 206.652 81.691 206.559 81.5204C206.465 81.3498 206.542 81.0992 206.731 80.9608C206.919 80.8223 207.148 80.8483 207.242 81.019C207.335 81.1895 207.258 81.4401 207.07 81.5786Z" fill="#FFB27D"/>
<path d="M209.706 80.1829C209.706 80.1829 210.33 82.7795 211.453 83.9692C212.575 85.159 211.733 86.1121 210.362 85.8166C208.99 85.521 208.234 86.3746 207.632 85.7538C207.03 85.1331 206.338 86.0901 205.833 85.4176C205.833 85.4176 205.17 84.8298 205.833 84.1019C206.496 83.374 207.47 82.1042 206.376 81.1556L206.996 80.0459L209.706 80.1829Z" fill="#EF8062"/>
</g>
<rect x="4.5" y="4.79395" width="341" height="153" rx="9.5" stroke="#FEDEC8"/>
<path d="M44.6163 4.25684L4.79405 30.8104L3.95605 57.7414L79.127 4.25684H44.6163Z" fill="url(#paint0_linear_296_33571)"/>
<path d="M12.5877 51.5996L9.84655 68.9253L3.95605 57.7379L12.5877 51.5996Z" fill="url(#paint1_linear_296_33571)"/>
<path d="M84.8536 13.5316L69.1675 11.3432L79.1265 4.25684L84.8536 13.5316Z" fill="url(#paint2_linear_296_33571)"/>
<path d="M13.1145 40.0543C13.2698 39.9466 13.3982 39.8395 13.4995 39.7328C13.6032 39.6244 13.6867 39.521 13.7498 39.4225C13.8112 39.3216 13.8574 39.2275 13.8883 39.1404C13.9217 39.0516 13.949 38.9725 13.9702 38.903C13.9897 38.8311 14.0082 38.7709 14.0256 38.7223C14.0431 38.6737 14.0678 38.6383 14.0999 38.6161C14.127 38.5973 14.1535 38.5881 14.1793 38.5885C14.2034 38.5864 14.2246 38.5881 14.243 38.5936L14.789 38.7573C14.7373 39.1727 14.6057 39.5595 14.394 39.9178C14.1807 40.2736 13.873 40.5908 13.4711 40.8693C13.148 41.0931 12.8194 41.235 12.4851 41.2951C12.1508 41.3551 11.8252 41.3435 11.5083 41.2601C11.1914 41.1767 10.8879 41.0257 10.5977 40.807C10.31 40.5866 10.0499 40.3088 9.8176 39.9734C9.49812 39.5122 9.27872 39.0402 9.15941 38.5571C9.03838 38.0716 9.0092 37.6028 9.07185 37.1506C9.13451 36.6985 9.28303 36.2781 9.51741 35.8894C9.75427 35.499 10.0687 35.168 10.4608 34.8964C10.6532 34.7631 10.839 34.6599 11.0183 34.5868C11.2 34.512 11.376 34.4631 11.5462 34.4401C11.7171 34.4129 11.8851 34.4078 12.0502 34.4248C12.2153 34.4419 12.3786 34.4747 12.54 34.5234L12.4961 35.0685C12.4927 35.111 12.483 35.1523 12.4671 35.1926C12.4512 35.2328 12.421 35.2683 12.3766 35.299C12.3446 35.3213 12.3048 35.3324 12.2574 35.3324C12.21 35.3324 12.1554 35.33 12.0938 35.3253C12.0304 35.3181 11.9588 35.3148 11.8789 35.3154C11.7998 35.3118 11.7121 35.3197 11.6159 35.3389C11.518 35.3556 11.4108 35.3879 11.2943 35.4357C11.1803 35.4819 11.0555 35.5519 10.9199 35.6459C10.6486 35.8338 10.4343 36.0644 10.2769 36.3377C10.1178 36.6085 10.022 36.9048 9.98945 37.2266C9.95938 37.5467 9.99498 37.8852 10.0962 38.242C10.1975 38.5989 10.372 38.9561 10.6197 39.3137C10.7991 39.5726 10.9938 39.7826 11.2039 39.9436C11.414 40.1046 11.6278 40.2157 11.8452 40.2767C12.0627 40.3377 12.2793 40.3501 12.495 40.3137C12.7132 40.2757 12.9197 40.1892 13.1145 40.0543ZM17.0206 37.485C17.1859 37.3705 17.3047 37.2207 17.3771 37.0354C17.4478 36.8478 17.4762 36.6438 17.4623 36.4235C17.4508 36.2015 17.4009 35.9715 17.3126 35.7334C17.2226 35.4928 17.1007 35.2616 16.947 35.0397C16.7215 34.7141 16.4945 34.5156 16.266 34.4439C16.0383 34.3681 15.8073 34.4113 15.573 34.5736C15.4054 34.6898 15.2853 34.8405 15.2129 35.0257C15.1429 35.2092 15.1141 35.4099 15.1263 35.6277C15.1385 35.8455 15.1896 36.0747 15.2796 36.3152C15.3696 36.5558 15.4924 36.7883 15.6478 37.0127C16.092 37.6538 16.5496 37.8113 17.0206 37.485ZM17.3809 38.1551C17.1737 38.2986 16.9587 38.3965 16.7358 38.4487C16.5112 38.4985 16.2886 38.5012 16.0681 38.4569C15.8484 38.4084 15.6353 38.3115 15.4288 38.1663C15.2206 38.0185 15.0302 37.8201 14.8577 37.571C14.6339 37.248 14.4751 36.9109 14.3815 36.5597C14.2903 36.2068 14.2617 35.8653 14.2958 35.5352C14.3281 35.2025 14.4216 34.8951 14.5764 34.6127C14.7319 34.3261 14.9452 34.0889 15.2165 33.9009C15.4236 33.7574 15.6395 33.6608 15.8642 33.611C16.0871 33.5588 16.3084 33.5569 16.5281 33.6054C16.7462 33.6514 16.9593 33.7483 17.1675 33.896C17.3739 34.0413 17.5635 34.2385 17.736 34.4875C17.8829 34.6996 18.0013 34.9205 18.0911 35.1503C18.181 35.38 18.2437 35.6102 18.2795 35.8409C18.3135 36.0692 18.3188 36.2954 18.2954 36.5197C18.2744 36.7423 18.2262 36.9545 18.1507 37.1564C18.076 37.3542 17.9745 37.5395 17.8461 37.7124C17.716 37.8828 17.5609 38.0304 17.3809 38.1551ZM19.9457 36.2961L17.7816 32.2005L18.1811 31.9237C18.2674 31.8639 18.3481 31.8408 18.4233 31.8545C18.4992 31.8639 18.5687 31.9143 18.6319 32.0055L18.9677 32.5613C18.9488 32.1547 18.9942 31.8093 19.1039 31.5253C19.2145 31.237 19.3856 31.0126 19.6174 30.852C19.8591 30.6846 20.1013 30.639 20.344 30.7154C20.585 30.7893 20.8172 30.977 21.0406 31.2784C20.9959 30.824 21.0327 30.4426 21.1512 30.1343C21.268 29.8235 21.4546 29.5792 21.7111 29.4015C22.0317 29.1794 22.351 29.1425 22.669 29.2908C22.9871 29.4391 23.277 29.7601 23.5388 30.2539L24.9171 32.8519L24.1367 33.3926L22.7546 30.7972C22.6796 30.652 22.6063 30.5331 22.5348 30.4403C22.464 30.3434 22.3937 30.2735 22.3238 30.2307C22.2547 30.1836 22.1841 30.1633 22.1118 30.1695C22.0419 30.1741 21.9663 30.2046 21.885 30.261C21.7863 30.3293 21.7056 30.4235 21.6429 30.5437C21.5826 30.6621 21.5422 30.8014 21.5218 30.9615C21.5013 31.1217 21.5024 31.2997 21.5251 31.4957C21.5477 31.6917 21.5926 31.9014 21.6599 32.1249L22.8198 34.3049L22.0393 34.8456L20.661 32.2476C20.586 32.1025 20.5139 31.9827 20.4448 31.8883C20.374 31.7913 20.3049 31.7206 20.2376 31.676C20.1685 31.629 20.099 31.6077 20.0292 31.6123C19.9594 31.6169 19.8838 31.6474 19.8024 31.7038C19.6939 31.7789 19.61 31.879 19.5506 32.0041C19.4896 32.1267 19.4505 32.2705 19.4335 32.4356C19.4165 32.6007 19.4219 32.7849 19.4496 32.9883C19.4757 33.1892 19.5241 33.4039 19.5947 33.6323L20.7225 35.7579L19.9457 36.2961ZM24.6403 27.4597L26.7993 31.5479L26.0188 32.0887L23.8561 28.003L24.6403 27.4597ZM24.0878 26.1564C24.1373 26.2279 24.1695 26.306 24.1843 26.3906C24.1992 26.4752 24.199 26.5593 24.1838 26.6428C24.167 26.7238 24.138 26.8005 24.0968 26.8728C24.054 26.9426 23.9993 27.0006 23.9327 27.0467C23.8661 27.0928 23.7926 27.1237 23.7121 27.1393C23.6325 27.1507 23.553 27.1492 23.4736 27.1348C23.3951 27.1162 23.3188 27.0852 23.2448 27.0415C23.1732 26.9962 23.1127 26.9378 23.0631 26.8663C23.0136 26.7948 22.9802 26.7176 22.9629 26.6346C22.9464 26.5476 22.9453 26.4644 22.9597 26.3851C22.9724 26.3033 23.0001 26.2275 23.043 26.1576C23.0841 26.0853 23.1368 26.027 23.2009 25.9825C23.2675 25.9364 23.3418 25.9068 23.424 25.8937C23.5069 25.8764 23.5889 25.8762 23.6699 25.893C23.7517 25.9057 23.8283 25.9347 23.8999 25.98C23.9739 26.0236 24.0365 26.0824 24.0878 26.1564ZM26.9979 27.091C26.9808 26.6503 27.0411 26.271 27.1785 25.9531C27.3143 25.6328 27.5104 25.3838 27.7668 25.2061C27.9246 25.0968 28.0874 25.0315 28.2551 25.0102C28.4212 24.9864 28.5863 25.0088 28.7507 25.0774C28.9133 25.1436 29.0709 25.2552 29.2235 25.4123C29.3761 25.5693 29.5183 25.7719 29.65 26.02L31.0284 28.618L30.2368 29.1664L28.8584 26.5685C28.7068 26.2757 28.5558 26.092 28.4055 26.0173C28.2559 25.9384 28.0961 25.9579 27.9259 26.0758C27.8174 26.151 27.7266 26.2596 27.6534 26.4015C27.5827 26.5417 27.5336 26.7053 27.5061 26.8922C27.4794 27.0749 27.476 27.2781 27.4958 27.5016C27.5139 27.7226 27.5608 27.951 27.6366 28.1868L28.7313 30.2095L27.9397 30.7579L25.7719 26.6648L26.1714 26.3881C26.2577 26.3283 26.3385 26.3052 26.4136 26.3188C26.4895 26.3283 26.5591 26.3786 26.6223 26.4699L26.9979 27.091ZM34.2688 26.4443C34.2056 26.353 34.1355 26.2756 34.0587 26.2121C33.7121 26.3756 33.4312 26.5391 33.2161 26.7028C33.0018 26.8622 32.841 27.0174 32.7339 27.1682C32.6267 27.3191 32.568 27.4583 32.5578 27.5858C32.5493 27.7158 32.5784 27.8289 32.645 27.925C32.7561 28.0853 32.9072 28.1613 33.0985 28.1529C33.2897 28.1444 33.5148 28.0506 33.7737 27.8712C33.9242 27.7669 34.0474 27.6524 34.1433 27.5275C34.241 27.4051 34.3099 27.2807 34.3501 27.1543C34.3928 27.0263 34.4068 26.9016 34.3921 26.7804C34.3799 26.6574 34.3388 26.5454 34.2688 26.4443ZM32.3689 25.1164C32.4897 25.0327 32.577 24.9321 32.6306 24.8146C32.6867 24.6954 32.7149 24.5701 32.715 24.4386C32.7176 24.3054 32.6965 24.1722 32.6517 24.039C32.6076 23.9017 32.5475 23.7754 32.4714 23.6603C32.333 23.4605 32.1787 23.3431 32.0083 23.3078C31.8379 23.2726 31.6639 23.3165 31.4863 23.4395C31.3655 23.5232 31.2774 23.6226 31.222 23.7375C31.165 23.8501 31.1343 23.9717 31.1299 24.1024C31.1264 24.229 31.147 24.3589 31.1918 24.492C31.2349 24.6228 31.2975 24.7473 31.3795 24.8657C31.5196 25.0679 31.6749 25.192 31.8455 25.2381C32.0169 25.2799 32.1913 25.2394 32.3689 25.1164ZM33.0972 21.7979L33.2459 22.0836C33.3063 22.2024 33.2995 22.3111 33.2255 22.4098L32.8716 22.7918C32.9257 22.8383 32.9778 22.8898 33.0279 22.9463C33.0787 22.9987 33.1281 23.0594 33.1759 23.1284C33.2579 23.2468 33.3178 23.3622 33.3556 23.4747C33.3934 23.5872 33.4208 23.6978 33.4377 23.8065C33.4529 23.9128 33.4619 24.0179 33.4646 24.1219C33.4697 24.2241 33.4773 24.3247 33.4874 24.4236C33.5 24.5207 33.52 24.6181 33.5476 24.7158C33.5759 24.8094 33.6216 24.9017 33.6849 24.993C33.7549 25.0941 33.842 25.1724 33.9462 25.228C34.0511 25.2794 34.1623 25.3319 34.2798 25.3855C34.398 25.435 34.5152 25.4962 34.6314 25.569C34.75 25.6401 34.8563 25.7435 34.9502 25.8791C35.0742 26.0633 35.1506 26.2658 35.1795 26.4867C35.2109 26.7058 35.1916 26.9308 35.1217 27.1618C35.0542 27.391 34.9343 27.6182 34.7619 27.8435C34.5937 28.0695 34.3702 28.2791 34.0916 28.4721C33.8672 28.6276 33.6475 28.7451 33.4325 28.8247C33.2176 28.9043 33.017 28.9466 32.8306 28.9516C32.6443 28.9565 32.4765 28.925 32.3271 28.8569C32.1778 28.7889 32.0544 28.6846 31.957 28.544C31.8426 28.3788 31.7784 28.2097 31.7645 28.0369C31.7464 27.8633 31.7667 27.6923 31.8252 27.524C31.8821 27.3532 31.9694 27.1869 32.0872 27.025C32.205 26.8631 32.3404 26.7109 32.4934 26.5684C32.649 26.4241 32.816 26.2938 32.9945 26.1775C33.1713 26.0586 33.3472 25.9569 33.5221 25.8722C33.4782 25.8405 33.436 25.8059 33.3954 25.7683C33.3548 25.7308 33.3174 25.6874 33.2832 25.638C33.232 25.5641 33.1889 25.4808 33.1539 25.3882C33.1197 25.2914 33.0936 25.18 33.0755 25.0538C33.0262 25.1828 32.9544 25.3056 32.8599 25.4222C32.7679 25.537 32.643 25.6491 32.4852 25.7584C32.3422 25.8575 32.1903 25.928 32.0296 25.97C31.8689 26.012 31.708 26.0194 31.5469 25.9924C31.3859 25.9653 31.2283 25.9011 31.0742 25.7998C30.9225 25.6969 30.7809 25.5504 30.6494 25.3606C30.5247 25.1805 30.4349 24.9799 30.3802 24.7587C30.3255 24.5375 30.3165 24.3138 30.3533 24.0876C30.3925 23.8597 30.4792 23.6372 30.6134 23.4201C30.7502 23.2013 30.9443 23.0048 31.1958 22.8305C31.3339 22.7348 31.4745 22.6612 31.6175 22.6095C31.7631 22.5562 31.9086 22.5265 32.0541 22.5206L33.0972 21.7979ZM38.0037 17.2327C38.0007 17.2968 37.992 17.3502 37.9778 17.3929C37.9619 17.4332 37.933 17.4678 37.8911 17.4968C37.8467 17.5276 37.7849 17.5412 37.7058 17.5376C37.6274 17.5299 37.5354 17.5261 37.4297 17.5263C37.324 17.5265 37.207 17.5419 37.0785 17.5725C36.9484 17.6007 36.8106 17.6651 36.6651 17.7659C36.5196 17.8667 36.4055 17.9786 36.3228 18.1016C36.2401 18.2246 36.1858 18.3516 36.1598 18.4827C36.1347 18.6097 36.1382 18.7386 36.1705 18.8695C36.2011 18.9979 36.2574 19.1213 36.3394 19.2397C36.4231 19.3605 36.5215 19.442 36.6346 19.4841C36.7485 19.522 36.874 19.5372 37.0112 19.5298C37.1483 19.5223 37.2936 19.5002 37.4469 19.4633C37.6002 19.4265 37.758 19.3883 37.9204 19.3488C38.0828 19.3092 38.2466 19.2797 38.4119 19.2601C38.5754 19.238 38.7378 19.2405 38.8989 19.2676C39.0582 19.2922 39.2116 19.3502 39.3588 19.4416C39.5086 19.5313 39.6475 19.6687 39.7756 19.8536C39.9533 20.1101 40.0772 20.3837 40.1473 20.6746C40.2174 20.9654 40.2297 21.2544 40.184 21.5415C40.1392 21.8244 40.0334 22.0984 39.8667 22.3635C39.7007 22.6245 39.4711 22.8566 39.1776 23.0599C39.0222 23.1675 38.8586 23.2553 38.6867 23.3233C38.519 23.392 38.3506 23.4412 38.1813 23.4709C38.0104 23.4981 37.8408 23.5061 37.6725 23.495C37.5042 23.4838 37.3426 23.4534 37.1878 23.4038L37.2032 22.8018C37.2074 22.7552 37.2199 22.71 37.2407 22.6663C37.2623 22.6185 37.2929 22.5809 37.3323 22.5536C37.3866 22.516 37.4609 22.5047 37.5552 22.5197C37.6478 22.5322 37.7578 22.5435 37.8853 22.5537C38.0136 22.5597 38.1557 22.5489 38.3117 22.5211C38.4659 22.4909 38.6306 22.4151 38.8057 22.2938C38.9585 22.1879 39.0804 22.0688 39.1713 21.9365C39.2621 21.8043 39.3204 21.6672 39.3461 21.5252C39.3727 21.3791 39.3663 21.2303 39.3269 21.0787C39.2884 20.9229 39.2178 20.7711 39.1153 20.6231C39.0265 20.4949 38.9234 20.4093 38.8062 20.3665C38.6914 20.322 38.5654 20.3034 38.4282 20.3108C38.2935 20.3166 38.1512 20.3403 38.0013 20.3821C37.8514 20.4239 37.6974 20.465 37.5391 20.5052C37.3809 20.5455 37.2209 20.5779 37.059 20.6024C36.8955 20.6245 36.734 20.6232 36.5746 20.5986C36.416 20.5698 36.2601 20.5081 36.107 20.4135C35.9546 20.3147 35.8101 20.1667 35.6734 19.9694C35.5179 19.745 35.41 19.5022 35.3495 19.2412C35.2874 18.9777 35.2781 18.714 35.3217 18.4503C35.3677 18.1848 35.468 17.9292 35.6225 17.6834C35.7754 17.4352 35.9899 17.2154 36.2661 17.0241C36.4067 16.9267 36.5513 16.8484 36.7 16.7891C36.8471 16.7274 36.9961 16.6844 37.1471 16.6601C37.2964 16.6333 37.4423 16.6253 37.5848 16.636C37.7298 16.6451 37.8688 16.6692 38.0018 16.7085L38.0037 17.2327ZM42.8736 19.5741C43.0388 19.4597 43.1577 19.3098 43.2301 19.1246C43.3008 18.9369 43.3292 18.733 43.3153 18.5127C43.3038 18.2907 43.2539 18.0607 43.1656 17.8226C43.0756 17.582 42.9537 17.3508 42.8 17.1288C42.5744 16.8033 42.3475 16.6047 42.119 16.5331C41.8913 16.4573 41.6603 16.5005 41.426 16.6628C41.2583 16.779 41.1383 16.9297 41.0659 17.1149C40.9959 17.2984 40.967 17.499 40.9792 17.7168C40.9915 17.9347 41.0426 18.1638 41.1326 18.4044C41.2226 18.645 41.3453 18.8774 41.5008 19.1018C41.945 19.743 42.4026 19.9004 42.8736 19.5741ZM43.2339 20.2442C43.0267 20.3878 42.8117 20.4856 42.5888 20.5379C42.3641 20.5877 42.1416 20.5904 41.9211 20.5461C41.7014 20.4976 41.4882 20.4007 41.2818 20.2554C41.0736 20.1077 40.8832 19.9093 40.7107 19.6602C40.4868 19.3372 40.3281 19.0001 40.2345 18.6489C40.1433 18.296 40.1147 17.9545 40.1487 17.6243C40.1811 17.2917 40.2746 16.9842 40.4293 16.7018C40.5848 16.4153 40.7982 16.178 41.0695 15.9901C41.2766 15.8466 41.4925 15.75 41.7171 15.7002C41.9401 15.6479 42.1614 15.646 42.3811 15.6945C42.5991 15.7406 42.8122 15.8375 43.0204 15.9852C43.2269 16.1305 43.4164 16.3276 43.589 16.5767C43.7359 16.7888 43.8543 17.0097 43.9441 17.2394C44.0339 17.4692 44.0967 17.6994 44.1325 17.9301C44.1665 18.1583 44.1718 18.3846 44.1483 18.6089C44.1273 18.8315 44.0791 19.0437 44.0037 19.2456C43.929 19.4433 43.8274 19.6286 43.6991 19.8015C43.5689 19.972 43.4139 20.1195 43.2339 20.2442ZM46.9158 16.7737C47.081 16.6593 47.1998 16.5094 47.2722 16.3242C47.3429 16.1366 47.3713 15.9326 47.3574 15.7123C47.3459 15.4903 47.2961 15.2603 47.2078 15.0222C47.1177 14.7816 46.9958 14.5504 46.8421 14.3284C46.6166 14.0029 46.3896 13.8043 46.1611 13.7327C45.9334 13.6569 45.7024 13.7001 45.4681 13.8624C45.3005 13.9786 45.1804 14.1293 45.108 14.3145C45.038 14.498 45.0092 14.6987 45.0214 14.9165C45.0336 15.1343 45.0847 15.3635 45.1747 15.604C45.2647 15.8446 45.3875 16.0771 45.5429 16.3015C45.9871 16.9426 46.4447 17.1001 46.9158 16.7737ZM47.276 17.4439C47.0689 17.5874 46.8538 17.6853 46.6309 17.7375C46.4063 17.7873 46.1837 17.79 45.9632 17.7457C45.7435 17.6972 45.5304 17.6003 45.3239 17.455C45.1157 17.3073 44.9253 17.1089 44.7528 16.8598C44.529 16.5368 44.3702 16.1997 44.2766 15.8485C44.1854 15.4956 44.1568 15.1541 44.1909 14.824C44.2232 14.4913 44.3167 14.1838 44.4715 13.9015C44.627 13.6149 44.8403 13.3777 45.1116 13.1897C45.3187 13.0462 45.5346 12.9496 45.7593 12.8998C45.9822 12.8475 46.2035 12.8457 46.4232 12.8942C46.6413 12.9402 46.8544 13.0371 47.0626 13.1848C47.269 13.3301 47.4586 13.5273 47.6311 13.7763C47.778 13.9884 47.8964 14.2093 47.9862 14.4391C48.0761 14.6688 48.1388 14.899 48.1746 15.1297C48.2086 15.358 48.2139 15.5842 48.1905 15.8085C48.1695 16.0311 48.1213 16.2433 48.0458 16.4452C47.9711 16.643 47.8696 16.8283 47.7412 17.0012C47.6111 17.1716 47.456 17.3192 47.276 17.4439ZM48.9026 11.9155C48.8856 11.4748 48.9458 11.0954 49.0833 10.7776C49.219 10.4573 49.4151 10.2083 49.6716 10.0306C49.8294 9.92126 49.9922 9.85593 50.1599 9.83463C50.3259 9.81085 50.4911 9.83328 50.6554 9.90191C50.8181 9.96808 50.9757 10.0797 51.1283 10.2367C51.2809 10.3938 51.423 10.5964 51.5548 10.8445L52.9332 13.4425L52.1416 13.9909L50.7632 11.3929C50.6115 11.1002 50.4605 10.9165 50.3102 10.8418C50.1607 10.7629 50.0008 10.7824 49.8307 10.9003C49.7222 10.9755 49.6313 11.084 49.5581 11.226C49.4874 11.3662 49.4383 11.5298 49.4109 11.7167C49.3842 11.8994 49.3807 12.1025 49.4005 12.326C49.4186 12.5471 49.4656 12.7755 49.5414 13.0113L50.6361 15.0339L49.8445 15.5823L47.6767 11.4893L48.0762 11.2125C48.1625 11.1527 48.2432 11.1296 48.3184 11.1433C48.3943 11.1527 48.4638 11.2031 48.527 11.2943L48.9026 11.9155ZM51.799 6.3451L53.0084 8.64402C53.073 8.76353 53.133 8.88438 53.1884 9.00655C53.2446 9.12455 53.2992 9.24549 53.3522 9.36937C53.4052 9.49325 53.4574 9.6213 53.5089 9.75353C53.5603 9.88576 53.6148 10.025 53.6724 10.1713L53.1545 10.5301C53.0674 10.4043 52.9845 10.2847 52.9059 10.1712C52.8298 10.0561 52.7566 9.94257 52.6864 9.83065C52.6161 9.71872 52.548 9.60718 52.4819 9.49602C52.4166 9.38068 52.3529 9.2624 52.2908 9.14118L51.0813 6.84225L51.799 6.3451ZM53.751 12.1971C53.7015 12.1256 53.6677 12.0504 53.6496 11.9717C53.6323 11.8888 53.6309 11.8077 53.6453 11.7284C53.6597 11.649 53.6883 11.5745 53.7311 11.5046C53.774 11.4348 53.8324 11.3742 53.9064 11.323C53.9779 11.2735 54.0539 11.2409 54.1343 11.2253C54.2172 11.208 54.2971 11.2074 54.374 11.2235C54.4533 11.2379 54.5287 11.2678 54.6003 11.3131C54.6701 11.3559 54.7298 11.4131 54.7793 11.4846C54.8306 11.5586 54.864 11.6358 54.8796 11.7163C54.8952 11.7967 54.8958 11.8766 54.8814 11.9559C54.8694 12.0335 54.84 12.1069 54.7929 12.1759C54.7501 12.2458 54.6929 12.3055 54.6214 12.355C54.5474 12.4063 54.4702 12.4397 54.3897 12.4553C54.311 12.4733 54.232 12.4752 54.1527 12.4608C54.0734 12.4464 53.9988 12.4177 53.9289 12.3749C53.8616 12.3303 53.8023 12.271 53.751 12.1971Z" fill="white"/>
<path d="M4.5 122.5H345.5V148C345.5 153.246 341.247 157.5 336 157.5H14C8.7533 157.5 4.5 153.246 4.5 148V122.5Z" fill="#FEDEC8"/>
<path d="M4.5 122.5H345.5V148C345.5 153.246 341.247 157.5 336 157.5H14C8.7533 157.5 4.5 153.246 4.5 148V122.5Z" stroke="#FEDEC8"/>
<path d="M138.193 142.674V144H131.931V134.135H138.193V135.455H133.462V138.34H137.94V139.611H133.462V142.674H138.193ZM139.82 144V136.808H141.228V138.011H141.263C141.652 137.191 142.418 136.685 143.525 136.685C145.111 136.685 146.02 137.697 146.02 139.344V144H144.537V139.632C144.537 138.552 144.031 137.957 143.006 137.957C141.967 137.957 141.297 138.695 141.297 139.809V144H139.82ZM148.113 135.106H149.596V136.808H150.963V137.977H149.596V141.942C149.596 142.564 149.869 142.844 150.471 142.844C150.621 142.844 150.861 142.831 150.956 142.81V143.979C150.792 144.02 150.464 144.048 150.136 144.048C148.68 144.048 148.113 143.494 148.113 142.106V137.977H147.067V136.808H148.113V135.106ZM155.243 137.868C154.211 137.868 153.486 138.654 153.411 139.741H157.007C156.972 138.64 156.275 137.868 155.243 137.868ZM157 141.887H158.401C158.196 143.2 156.952 144.136 155.304 144.136C153.192 144.136 151.914 142.708 151.914 140.438C151.914 138.182 153.213 136.678 155.243 136.678C157.239 136.678 158.483 138.087 158.483 140.267V140.773H153.404V140.862C153.404 142.113 154.156 142.94 155.339 142.94C156.179 142.94 156.801 142.516 157 141.887ZM159.864 144V136.808H161.273V138.032H161.307C161.546 137.191 162.189 136.692 163.036 136.692C163.248 136.692 163.433 136.726 163.542 136.747V138.121C163.426 138.073 163.166 138.039 162.879 138.039C161.929 138.039 161.341 138.675 161.341 139.693V144H159.864ZM165.122 135.106H166.605V136.808H167.972V137.977H166.605V141.942C166.605 142.564 166.878 142.844 167.48 142.844C167.63 142.844 167.87 142.831 167.965 142.81V143.979C167.801 144.02 167.473 144.048 167.145 144.048C165.689 144.048 165.122 143.494 165.122 142.106V137.977H164.076V136.808H165.122V135.106ZM171.828 142.954C172.86 142.954 173.667 142.243 173.667 141.306V140.739L171.896 140.848C171.015 140.91 170.516 141.3 170.516 141.915C170.516 142.544 171.035 142.954 171.828 142.954ZM171.418 144.123C170.01 144.123 169.025 143.248 169.025 141.956C169.025 140.698 169.989 139.926 171.698 139.83L173.667 139.714V139.16C173.667 138.36 173.127 137.882 172.225 137.882C171.37 137.882 170.837 138.292 170.707 138.934H169.312C169.395 137.635 170.502 136.678 172.279 136.678C174.022 136.678 175.137 137.601 175.137 139.044V144H173.722V142.817H173.688C173.271 143.617 172.361 144.123 171.418 144.123ZM176.853 144V136.808H178.33V144H176.853ZM177.591 135.756C177.12 135.756 176.737 135.38 176.737 134.915C176.737 134.443 177.12 134.067 177.591 134.067C178.07 134.067 178.453 134.443 178.453 134.915C178.453 135.38 178.07 135.756 177.591 135.756ZM180.073 144V136.808H181.481V138.011H181.515C181.905 137.191 182.671 136.685 183.778 136.685C185.364 136.685 186.273 137.697 186.273 139.344V144H184.79V139.632C184.79 138.552 184.284 137.957 183.259 137.957C182.22 137.957 181.55 138.695 181.55 139.809V144H180.073ZM187.935 144V136.808H189.343V138.018H189.377C189.699 137.219 190.45 136.685 191.421 136.685C192.419 136.685 193.144 137.198 193.431 138.094H193.465C193.834 137.219 194.682 136.685 195.707 136.685C197.129 136.685 198.059 137.629 198.059 139.057V144H196.575V139.413C196.575 138.483 196.076 137.95 195.201 137.95C194.326 137.95 193.718 138.599 193.718 139.509V144H192.269V139.303C192.269 138.476 191.742 137.95 190.908 137.95C190.033 137.95 189.411 138.634 189.411 139.556V144H187.935ZM202.728 137.868C201.696 137.868 200.971 138.654 200.896 139.741H204.492C204.458 138.64 203.76 137.868 202.728 137.868ZM204.485 141.887H205.886C205.681 143.2 204.437 144.136 202.79 144.136C200.677 144.136 199.399 142.708 199.399 140.438C199.399 138.182 200.698 136.678 202.728 136.678C204.724 136.678 205.968 138.087 205.968 140.267V140.773H200.889V140.862C200.889 142.113 201.641 142.94 202.824 142.94C203.665 142.94 204.287 142.516 204.485 141.887ZM207.35 144V136.808H208.758V138.011H208.792C209.182 137.191 209.947 136.685 211.055 136.685C212.641 136.685 213.55 137.697 213.55 139.344V144H212.067V139.632C212.067 138.552 211.561 137.957 210.535 137.957C209.496 137.957 208.826 138.695 208.826 139.809V144H207.35ZM215.642 135.106H217.126V136.808H218.493V137.977H217.126V141.942C217.126 142.564 217.399 142.844 218.001 142.844C218.151 142.844 218.39 142.831 218.486 142.81V143.979C218.322 144.02 217.994 144.048 217.666 144.048C216.21 144.048 215.642 143.494 215.642 142.106V137.977H214.596V136.808H215.642V135.106Z" fill="black"/>
<defs>
<linearGradient id="paint0_linear_296_33571" x1="3.95544" y1="31" x2="79.1266" y2="31" gradientUnits="userSpaceOnUse">
<stop stop-color="#DA0000"/>
<stop offset="0.0071" stop-color="#E61014"/>
<stop offset="0.0192" stop-color="#F82832"/>
<stop offset="0.0261" stop-color="#FF313D"/>
<stop offset="0.0324" stop-color="#FE404A"/>
<stop offset="0.047" stop-color="#FB5C63"/>
<stop offset="0.0598" stop-color="#FA6E73"/>
<stop offset="0.0691" stop-color="#F97478"/>
<stop offset="0.1143" stop-color="#FF313D"/>
<stop offset="0.177" stop-color="#D50C12"/>
<stop offset="0.8282" stop-color="#D50C12"/>
<stop offset="0.9036" stop-color="#FF313D"/>
<stop offset="0.9412" stop-color="#F97478"/>
<stop offset="0.9743" stop-color="#FF313D"/>
<stop offset="0.9767" stop-color="#FA2A34"/>
<stop offset="0.986" stop-color="#E81318"/>
<stop offset="0.9941" stop-color="#DE0506"/>
<stop offset="1" stop-color="#DA0000"/>
</linearGradient>
<linearGradient id="paint1_linear_296_33571" x1="3.95644" y1="60.2628" x2="12.5878" y2="60.2628" gradientUnits="userSpaceOnUse">
<stop stop-color="#8A0000"/>
<stop offset="0.2413" stop-color="#9D0108"/>
<stop offset="0.4463" stop-color="#A8020D"/>
<stop offset="0.5732" stop-color="#A8020D"/>
<stop offset="0.7217" stop-color="#920107"/>
<stop offset="0.8822" stop-color="#800002"/>
<stop offset="1" stop-color="#7A0000"/>
</linearGradient>
<linearGradient id="paint2_linear_296_33571" x1="69.1682" y1="8.89436" x2="84.8538" y2="8.89436" gradientUnits="userSpaceOnUse">
<stop stop-color="#8A0000"/>
<stop offset="0.2413" stop-color="#9D0108"/>
<stop offset="0.4463" stop-color="#A8020D"/>
<stop offset="0.5732" stop-color="#A8020D"/>
<stop offset="0.7217" stop-color="#920107"/>
<stop offset="0.8822" stop-color="#800002"/>
<stop offset="1" stop-color="#7A0000"/>
</linearGradient>
<clipPath id="clip0_296_33571">
<rect x="4" y="4.29395" width="342" height="154" rx="10" fill="white"/>
</clipPath>
</defs>
</svg>
